-- MySQL dump 10.13  Distrib 8.0.31, for Linux (x86_64)
--
-- Host: localhost    Database: gymfit
-- ------------------------------------------------------
-- Server version	8.0.31

/*!40101 SET @OLD_CHARACTER_SET_CLIENT=@@CHARACTER_SET_CLIENT */;
/*!40101 SET @OLD_CHARACTER_SET_RESULTS=@@CHARACTER_SET_RESULTS */;
/*!40101 SET @OLD_COLLATION_CONNECTION=@@COLLATION_CONNECTION */;
/*!50503 SET NAMES utf8mb4 */;
/*!40103 SET @OLD_TIME_ZONE=@@TIME_ZONE */;
/*!40103 SET TIME_ZONE='+00:00' */;
/*!40014 SET @OLD_UNIQUE_CHECKS=@@UNIQUE_CHECKS, UNIQUE_CHECKS=0 */;
/*!40014 SET @OLD_FOREIGN_KEY_CHECKS=@@FOREIGN_KEY_CHECKS, FOREIGN_KEY_CHECKS=0 */;
/*!40101 SET @OLD_SQL_MODE=@@SQL_MODE, SQL_MODE='NO_AUTO_VALUE_ON_ZERO' */;
/*!40111 SET @OLD_SQL_NOTES=@@SQL_NOTES, SQL_NOTES=0 */;

--
-- Table structure for table `availabilities`
--

DROP TABLE IF EXISTS `availabilities`;
/*!40101 SET @saved_cs_client     = @@character_set_client */;
/*!50503 SET character_set_client = utf8mb4 */;
CREATE TABLE `availabilities` (
  `id` int NOT NULL AUTO_INCREMENT,
  `coach_id` int DEFAULT NULL,
  `start_rdv` datetime NOT NULL COMMENT '(DC2Type:datetime_immutable)',
  `end_rdv` datetime NOT NULL COMMENT '(DC2Type:datetime_immutable)',
  `is_booked` tinyint(1) NOT NULL,
  PRIMARY KEY (`id`),
  KEY `IDX_D7FC41EF3C105691` (`coach_id`),
  CONSTRAINT `FK_D7FC41EF3C105691` FOREIGN KEY (`coach_id`) REFERENCES `coach` (`id`)
) ENGINE=InnoDB AUTO_INCREMENT=51 DEFAULT CHARSET=utf8mb4 COLLATE=utf8mb4_unicode_ci;
/*!40101 SET character_set_client = @saved_cs_client */;

--
-- Dumping data for table `availabilities`
--

LOCK TABLES `availabilities` WRITE;
/*!40000 ALTER TABLE `availabilities` DISABLE KEYS */;
INSERT INTO `availabilities` VALUES (1,1,'2023-03-16 10:20:00','2023-03-16 11:20:00',1),(2,1,'2023-03-12 14:52:00','2023-03-12 15:52:00',0),(3,1,'2023-03-16 10:25:00','2023-03-16 11:25:00',1),(4,1,'2023-03-14 12:52:00','2023-03-14 13:52:00',1),(5,1,'2023-03-15 16:33:00','2023-03-15 17:33:00',1),(6,12,'2023-03-15 12:10:00','2023-03-15 13:10:00',1),(7,12,'2023-03-17 15:27:00','2023-03-17 16:27:00',0),(8,12,'2023-03-17 16:51:00','2023-03-17 17:51:00',0),(9,12,'2023-03-13 14:38:00','2023-03-13 15:38:00',1),(10,12,'2023-03-15 14:08:00','2023-03-15 15:08:00',1),(11,21,'2023-03-16 14:33:00','2023-03-16 15:33:00',1),(12,21,'2023-03-13 12:58:00','2023-03-13 13:58:00',0),(13,21,'2023-03-11 14:01:00','2023-03-11 15:01:00',1),(14,21,'2023-03-12 12:59:00','2023-03-12 13:59:00',1),(15,21,'2023-03-12 13:59:00','2023-03-12 14:59:00',0),(16,44,'2023-03-12 12:35:00','2023-03-12 13:35:00',1),(17,44,'2023-03-17 16:47:00','2023-03-17 17:47:00',0),(18,44,'2023-03-15 09:47:00','2023-03-15 10:47:00',1),(19,44,'2023-03-12 10:32:00','2023-03-12 11:32:00',1),(20,44,'2023-03-16 11:15:00','2023-03-16 12:15:00',0),(21,58,'2023-03-16 10:19:00','2023-03-16 11:19:00',1),(22,58,'2023-03-13 09:32:00','2023-03-13 10:32:00',0),(23,58,'2023-03-18 12:41:00','2023-03-18 13:41:00',1),(24,58,'2023-03-17 11:17:00','2023-03-17 12:17:00',1),(25,58,'2023-03-17 14:21:00','2023-03-17 15:21:00',1),(26,71,'2023-03-11 15:53:00','2023-03-11 16:53:00',0),(27,71,'2023-03-13 14:19:00','2023-03-13 15:19:00',0),(28,71,'2023-03-14 12:53:00','2023-03-14 13:53:00',1),(29,71,'2023-03-15 10:22:00','2023-03-15 11:22:00',0),(30,71,'2023-03-14 16:19:00','2023-03-14 17:19:00',0),(31,84,'2023-03-18 11:15:00','2023-03-18 12:15:00',0),(32,84,'2023-03-14 15:11:00','2023-03-14 16:11:00',1),(33,84,'2023-03-13 10:05:00','2023-03-13 11:05:00',0),(34,84,'2023-03-16 13:09:00','2023-03-16 14:09:00',1),(35,84,'2023-03-16 12:07:00','2023-03-16 13:07:00',0),(36,100,'2023-03-16 12:48:00','2023-03-16 13:48:00',1),(37,100,'2023-03-16 11:44:00','2023-03-16 12:44:00',0),(38,100,'2023-03-14 16:05:00','2023-03-14 17:05:00',1),(39,100,'2023-03-12 14:34:00','2023-03-12 15:34:00',0),(40,100,'2023-03-11 16:36:00','2023-03-11 17:36:00',0),(41,119,'2023-03-16 10:15:00','2023-03-16 11:15:00',1),(42,119,'2023-03-11 10:58:00','2023-03-11 11:58:00',0),(43,119,'2023-03-16 11:31:00','2023-03-16 12:31:00',1),(44,119,'2023-03-16 12:47:00','2023-03-16 13:47:00',1),(45,119,'2023-03-13 10:01:00','2023-03-13 11:01:00',0),(46,134,'2023-03-11 12:47:00','2023-03-11 13:47:00',0),(47,134,'2023-03-18 10:36:00','2023-03-18 11:36:00',1),(48,134,'2023-03-18 15:26:00','2023-03-18 16:26:00',1),(49,134,'2023-03-15 10:32:00','2023-03-15 11:32:00',0),(50,134,'2023-03-12 14:27:00','2023-03-12 15:27:00',0);
/*!40000 ALTER TABLE `availabilities` ENABLE KEYS */;
UNLOCK TABLES;

--
-- Table structure for table `booking`
--

DROP TABLE IF EXISTS `booking`;
/*!40101 SET @saved_cs_client     = @@character_set_client */;
/*!50503 SET character_set_client = utf8mb4 */;
CREATE TABLE `booking` (
  `id` int NOT NULL AUTO_INCREMENT,
  `coach_id` int DEFAULT NULL,
  `user_id` int DEFAULT NULL,
  `state_rdv` varchar(255) COLLATE utf8mb4_unicode_ci NOT NULL,
  `created_at` datetime NOT NULL COMMENT '(DC2Type:datetime_immutable)',
  `duration` varchar(255) COLLATE utf8mb4_unicode_ci NOT NULL,
  `start_rdv` datetime NOT NULL COMMENT '(DC2Type:datetime_immutable)',
  `end_rdv` datetime NOT NULL COMMENT '(DC2Type:datetime_immutable)',
  PRIMARY KEY (`id`),
  KEY `IDX_E00CEDDE3C105691` (`coach_id`),
  KEY `IDX_E00CEDDEA76ED395` (`user_id`),
  CONSTRAINT `FK_E00CEDDE3C105691` FOREIGN KEY (`coach_id`) REFERENCES `coach` (`id`),
  CONSTRAINT `FK_E00CEDDEA76ED395` FOREIGN KEY (`user_id`) REFERENCES `member` (`id`)
) ENGINE=InnoDB AUTO_INCREMENT=53 DEFAULT CHARSET=utf8mb4 COLLATE=utf8mb4_unicode_ci;
/*!40101 SET character_set_client = @saved_cs_client */;

--
-- Dumping data for table `booking`
--

LOCK TABLES `booking` WRITE;
/*!40000 ALTER TABLE `booking` DISABLE KEYS */;
INSERT INTO `booking` VALUES (1,1,136,'CANCELLED','2023-03-15 11:20:11','1 hour','2023-03-11 21:54:09','2023-03-11 22:54:09'),(2,1,135,'PENDING','2023-03-17 14:59:20','1 hour','2023-03-14 09:15:07','2023-03-14 10:15:07'),(3,1,37,'PENDING','2023-03-13 15:07:59','1 hour','2023-03-17 08:17:22','2023-03-17 09:17:22'),(4,1,78,'PENDING','2023-03-17 02:25:04','1 hour','2023-03-12 01:37:51','2023-03-12 02:37:51'),(5,1,19,'CONFIRMED','2023-03-17 14:11:53','1 hour','2023-03-12 10:10:15','2023-03-12 11:10:15'),(6,12,73,'CONFIRMED','2023-03-18 15:57:02','1 hour','2023-03-13 17:45:57','2023-03-13 18:45:57'),(7,12,67,'CANCELLED','2023-03-14 18:52:23','1 hour','2023-03-18 04:33:52','2023-03-18 05:33:52'),(8,12,22,'CANCELLED','2023-03-13 21:15:30','1 hour','2023-03-18 11:36:31','2023-03-18 12:36:31'),(9,12,109,'PENDING','2023-03-16 23:23:41','1 hour','2023-03-15 17:11:36','2023-03-15 18:11:36'),(10,12,54,'CANCELLED','2023-03-12 12:54:06','1 hour','2023-03-15 01:30:31','2023-03-15 02:30:31'),(11,21,114,'CONFIRMED','2023-03-15 06:53:50','1 hour','2023-03-18 04:11:10','2023-03-18 05:11:10'),(12,21,31,'CONFIRMED','2023-03-16 08:28:19','1 hour','2023-03-15 21:08:33','2023-03-15 22:08:33'),(13,21,116,'PENDING','2023-03-17 07:14:55','1 hour','2023-03-12 05:48:55','2023-03-12 06:48:55'),(14,21,77,'CANCELLED','2023-03-12 03:28:39','1 hour','2023-03-17 06:10:50','2023-03-17 07:10:50'),(15,21,25,'CANCELLED','2023-03-12 01:50:45','1 hour','2023-03-18 10:08:28','2023-03-18 11:08:28'),(16,44,17,'CONFIRMED','2023-03-11 18:41:22','1 hour','2023-03-18 07:14:08','2023-03-18 08:14:08'),(17,44,102,'PENDING','2023-03-17 08:40:27','1 hour','2023-03-14 19:15:05','2023-03-14 20:15:05'),(18,44,62,'CANCELLED','2023-03-17 08:20:29','1 hour','2023-03-15 20:45:05','2023-03-15 21:45:05'),(19,44,54,'PENDING','2023-03-17 08:01:50','1 hour','2023-03-17 18:21:46','2023-03-17 19:21:46'),(20,44,37,'PENDING','2023-03-15 15:29:19','1 hour','2023-03-14 19:49:18','2023-03-14 20:49:18'),(21,58,9,'CONFIRMED','2023-03-15 04:40:31','1 hour','2023-03-17 16:33:45','2023-03-17 17:33:45'),(22,58,145,'CONFIRMED','2023-03-14 21:46:25','1 hour','2023-03-14 20:18:27','2023-03-14 21:18:27'),(23,58,132,'CANCELLED','2023-03-13 06:30:58','1 hour','2023-03-17 00:14:04','2023-03-17 01:14:04'),(24,58,36,'PENDING','2023-03-13 11:29:25','1 hour','2023-03-18 07:02:53','2023-03-18 08:02:53'),(25,58,104,'CANCELLED','2023-03-13 06:43:08','1 hour','2023-03-12 14:49:09','2023-03-12 15:49:09'),(26,71,29,'CONFIRMED','2023-03-14 18:21:58','1 hour','2023-03-13 17:30:23','2023-03-13 18:30:23'),(27,71,57,'CONFIRMED','2023-03-18 09:47:42','1 hour','2023-03-12 00:07:45','2023-03-12 01:07:45'),(28,71,51,'CANCELLED','2023-03-16 11:56:49','1 hour','2023-03-18 00:59:31','2023-03-18 01:59:31'),(29,71,114,'CONFIRMED','2023-03-14 05:54:25','1 hour','2023-03-18 01:17:27','2023-03-18 02:17:27'),(30,71,16,'CANCELLED','2023-03-15 19:19:17','1 hour','2023-03-16 04:32:58','2023-03-16 05:32:58'),(31,84,127,'CONFIRMED','2023-03-16 10:00:07','1 hour','2023-03-17 12:50:48','2023-03-17 13:50:48'),(32,84,41,'PENDING','2023-03-14 18:13:53','1 hour','2023-03-12 03:55:02','2023-03-12 04:55:02'),(33,84,147,'CONFIRMED','2023-03-14 20:32:38','1 hour','2023-03-12 01:18:36','2023-03-12 02:18:36'),(34,84,57,'CANCELLED','2023-03-12 10:39:20','1 hour','2023-03-18 01:19:43','2023-03-18 02:19:43'),(35,84,65,'CANCELLED','2023-03-17 23:58:37','1 hour','2023-03-17 23:13:27','2023-03-18 00:13:27'),(36,100,108,'CONFIRMED','2023-03-18 04:25:20','1 hour','2023-03-16 16:42:01','2023-03-16 17:42:01'),(37,100,66,'CANCELLED','2023-03-12 04:42:05','1 hour','2023-03-14 21:13:42','2023-03-14 22:13:42'),(38,100,93,'CONFIRMED','2023-03-15 22:22:31','1 hour','2023-03-16 11:08:52','2023-03-16 12:08:52'),(39,100,5,'CONFIRMED','2023-03-16 22:35:37','1 hour','2023-03-12 23:54:12','2023-03-13 00:54:12'),(40,100,131,'CONFIRMED','2023-03-17 23:33:57','1 hour','2023-03-13 09:50:46','2023-03-13 10:50:46'),(41,119,46,'PENDING','2023-03-14 01:12:07','1 hour','2023-03-14 21:06:59','2023-03-14 22:06:59'),(42,119,23,'CANCELLED','2023-03-14 06:22:24','1 hour','2023-03-14 11:09:07','2023-03-14 12:09:07'),(43,119,149,'PENDING','2023-03-17 07:31:11','1 hour','2023-03-17 16:07:37','2023-03-17 17:07:37'),(44,119,5,'CONFIRMED','2023-03-15 01:43:00','1 hour','2023-03-13 16:45:39','2023-03-13 17:45:39'),(45,119,67,'CANCELLED','2023-03-16 17:04:33','1 hour','2023-03-14 18:22:07','2023-03-14 19:22:07'),(46,134,107,'CANCELLED','2023-03-15 04:24:57','1 hour','2023-03-16 12:07:11','2023-03-16 13:07:11'),(47,134,129,'PENDING','2023-03-18 07:57:25','1 hour','2023-03-17 04:20:21','2023-03-17 05:20:21'),(48,134,152,'CONFIRMED','2023-03-15 01:02:49','1 hour','2023-03-15 11:05:18','2023-03-15 12:05:18'),(49,134,153,'CONFIRMED','2023-03-16 19:27:00','1 hour','2023-03-17 21:08:43','2023-03-17 22:08:43'),(50,134,149,'CONFIRMED','2023-03-14 12:16:43','1 hour','2023-03-15 23:40:19','2023-03-16 00:40:19');
/*!40000 ALTER TABLE `booking` ENABLE KEYS */;
UNLOCK TABLES;

--
-- Table structure for table `coach`
--

DROP TABLE IF EXISTS `coach`;
/*!40101 SET @saved_cs_client     = @@character_set_client */;
/*!50503 SET character_set_client = utf8mb4 */;
CREATE TABLE `coach` (
  `id` int NOT NULL AUTO_INCREMENT,
  `first_name` varchar(255) COLLATE utf8mb4_unicode_ci DEFAULT NULL,
  `last_name` varchar(255) COLLATE utf8mb4_unicode_ci DEFAULT NULL,
  `speciality` varchar(255) COLLATE utf8mb4_unicode_ci DEFAULT NULL,
  `email` varchar(255) COLLATE utf8mb4_unicode_ci DEFAULT NULL,
  PRIMARY KEY (`id`),
  CONSTRAINT `FK_3F596DCCBF396750` FOREIGN KEY (`id`) REFERENCES `user` (`id`)
) ENGINE=InnoDB AUTO_INCREMENT=261 DEFAULT CHARSET=utf8mb4 COLLATE=utf8mb4_unicode_ci;
/*!40101 SET character_set_client = @saved_cs_client */;

--
-- Dumping data for table `coach`
--

LOCK TABLES `coach` WRITE;
/*!40000 ALTER TABLE `coach` DISABLE KEYS */;
INSERT INTO `coach` VALUES (1,'Aurore','Pinto','squat',NULL),(12,'Élisabeth','Breton','squat',NULL),(21,'Martin','Cousin','squat',NULL),(44,'Olivier','Laporte','squat',NULL),(58,'Gérard','Bouvet','squat',NULL),(71,'Bernadette','Fischer','squat',NULL),(84,'Noémi','Tessier','squat',NULL),(100,'Catherine','Lejeune','squat',NULL),(119,'Richard','Devaux','squat',NULL),(134,'Marthe','Brunet','squat',NULL),(135,'test','test',NULL,'test1@test.com'),(169,'test','test',NULL,'test1@test.com'),(170,'test4','test4',NULL,'test4@test.com'),(171,'test6','test4',NULL,'test6@test.com'),(172,'test7','test7',NULL,'test7@test.com'),(173,'tes8','test6',NULL,'tes8@test.com'),(174,'test7','test7',NULL,'test7@test.com'),(175,'tes8','tes8',NULL,'tes8@test.com'),(260,'Adrien','Christophe',NULL,'adriChristophe@gmail.com');
/*!40000 ALTER TABLE `coach` ENABLE KEYS */;
UNLOCK TABLES;

--
-- Table structure for table `doctrine_migration_versions`
--

DROP TABLE IF EXISTS `doctrine_migration_versions`;
/*!40101 SET @saved_cs_client     = @@character_set_client */;
/*!50503 SET character_set_client = utf8mb4 */;
CREATE TABLE `doctrine_migration_versions` (
  `version` varchar(191) COLLATE utf8mb3_unicode_ci NOT NULL,
  `executed_at` datetime DEFAULT NULL,
  `execution_time` int DEFAULT NULL,
  PRIMARY KEY (`version`)
) ENGINE=InnoDB DEFAULT CHARSET=utf8mb3 COLLATE=utf8mb3_unicode_ci;
/*!40101 SET character_set_client = @saved_cs_client */;

--
-- Dumping data for table `doctrine_migration_versions`
--

LOCK TABLES `doctrine_migration_versions` WRITE;
/*!40000 ALTER TABLE `doctrine_migration_versions` DISABLE KEYS */;
/*!40000 ALTER TABLE `doctrine_migration_versions` ENABLE KEYS */;
UNLOCK TABLES;

--
-- Table structure for table `equipment`
--

DROP TABLE IF EXISTS `equipment`;
/*!40101 SET @saved_cs_client     = @@character_set_client */;
/*!50503 SET character_set_client = utf8mb4 */;
CREATE TABLE `equipment` (
  `id` int NOT NULL AUTO_INCREMENT,
  `name_equipment` varchar(255) COLLATE utf8mb4_unicode_ci NOT NULL,
  PRIMARY KEY (`id`)
) ENGINE=InnoDB DEFAULT CHARSET=utf8mb4 COLLATE=utf8mb4_unicode_ci;
/*!40101 SET character_set_client = @saved_cs_client */;

--
-- Dumping data for table `equipment`
--

LOCK TABLES `equipment` WRITE;
/*!40000 ALTER TABLE `equipment` DISABLE KEYS */;
/*!40000 ALTER TABLE `equipment` ENABLE KEYS */;
UNLOCK TABLES;

--
-- Table structure for table `evolution`
--

DROP TABLE IF EXISTS `evolution`;
/*!40101 SET @saved_cs_client     = @@character_set_client */;
/*!50503 SET character_set_client = utf8mb4 */;
CREATE TABLE `evolution` (
  `id` int NOT NULL AUTO_INCREMENT,
  `weight_evolution` int NOT NULL,
  `height_evolution` int NOT NULL,
  `created_at` datetime NOT NULL COMMENT '(DC2Type:datetime_immutable)',
  `updated_at` datetime DEFAULT NULL COMMENT '(DC2Type:datetime_immutable)',
  PRIMARY KEY (`id`)
) ENGINE=InnoDB DEFAULT CHARSET=utf8mb4 COLLATE=utf8mb4_unicode_ci;
/*!40101 SET character_set_client = @saved_cs_client */;

--
-- Dumping data for table `evolution`
--

LOCK TABLES `evolution` WRITE;
/*!40000 ALTER TABLE `evolution` DISABLE KEYS */;
/*!40000 ALTER TABLE `evolution` ENABLE KEYS */;
UNLOCK TABLES;

--
-- Table structure for table `exercises`
--

DROP TABLE IF EXISTS `exercises`;
/*!40101 SET @saved_cs_client     = @@character_set_client */;
/*!50503 SET character_set_client = utf8mb4 */;
CREATE TABLE `exercises` (
  `id` int NOT NULL AUTO_INCREMENT,
  `nom` varchar(171) COLLATE utf8mb4_unicode_ci NOT NULL,
  `equipement` varchar(255) COLLATE utf8mb4_unicode_ci NOT NULL,
  `description` longtext COLLATE utf8mb4_unicode_ci NOT NULL,
  `created_at` datetime NOT NULL COMMENT '(DC2Type:datetime_immutable)',
  `updated_at` datetime NOT NULL COMMENT '(DC2Type:datetime_immutable)',
  `workout_id` int DEFAULT NULL,
  `partie` varchar(255) COLLATE utf8mb4_unicode_ci NOT NULL,
  PRIMARY KEY (`id`),
  KEY `IDX_FA14991A6CCCFC9` (`workout_id`),
  CONSTRAINT `FK_FA14991A6CCCFC9` FOREIGN KEY (`workout_id`) REFERENCES `workout` (`id`)
) ENGINE=InnoDB DEFAULT CHARSET=utf8mb4 COLLATE=utf8mb4_unicode_ci;
/*!40101 SET character_set_client = @saved_cs_client */;

--
-- Dumping data for table `exercises`
--

LOCK TABLES `exercises` WRITE;
/*!40000 ALTER TABLE `exercises` DISABLE KEYS */;
/*!40000 ALTER TABLE `exercises` ENABLE KEYS */;
UNLOCK TABLES;

--
-- Table structure for table `gym`
--

DROP TABLE IF EXISTS `gym`;
/*!40101 SET @saved_cs_client     = @@character_set_client */;
/*!50503 SET character_set_client = utf8mb4 */;
CREATE TABLE `gym` (
  `id` int NOT NULL AUTO_INCREMENT,
  `name_gym` varchar(255) COLLATE utf8mb4_unicode_ci NOT NULL,
  `postalcode_gym` int NOT NULL,
  `city_gym` varchar(255) COLLATE utf8mb4_unicode_ci NOT NULL,
  `comment` longtext COLLATE utf8mb4_unicode_ci NOT NULL,
  `adress_gym` varchar(255) COLLATE utf8mb4_unicode_ci NOT NULL,
  PRIMARY KEY (`id`)
) ENGINE=InnoDB DEFAULT CHARSET=utf8mb4 COLLATE=utf8mb4_unicode_ci;
/*!40101 SET character_set_client = @saved_cs_client */;

--
-- Dumping data for table `gym`
--

LOCK TABLES `gym` WRITE;
/*!40000 ALTER TABLE `gym` DISABLE KEYS */;
/*!40000 ALTER TABLE `gym` ENABLE KEYS */;
UNLOCK TABLES;

--
-- Table structure for table `member`
--

DROP TABLE IF EXISTS `member`;
/*!40101 SET @saved_cs_client     = @@character_set_client */;
/*!50503 SET character_set_client = utf8mb4 */;
CREATE TABLE `member` (
  `id` int NOT NULL AUTO_INCREMENT,
  `first_name` varchar(255) COLLATE utf8mb4_unicode_ci DEFAULT NULL,
  `last_name` varchar(255) COLLATE utf8mb4_unicode_ci DEFAULT NULL,
  `phone_number` varchar(255) COLLATE utf8mb4_unicode_ci DEFAULT NULL,
  `email` varchar(255) COLLATE utf8mb4_unicode_ci DEFAULT NULL,
  `user_age` int DEFAULT NULL,
  `size_user` int DEFAULT NULL,
  `weight_user` int DEFAULT NULL,
  `subscriber_date` datetime DEFAULT NULL COMMENT '(DC2Type:datetime_immutable)',
  PRIMARY KEY (`id`),
  CONSTRAINT `FK_70E4FA78BF396750` FOREIGN KEY (`id`) REFERENCES `user` (`id`)
) ENGINE=InnoDB AUTO_INCREMENT=233 DEFAULT CHARSET=utf8mb4 COLLATE=utf8mb4_unicode_ci;
/*!40101 SET character_set_client = @saved_cs_client */;

--
-- Dumping data for table `member`
--

LOCK TABLES `member` WRITE;
/*!40000 ALTER TABLE `member` DISABLE KEYS */;
INSERT INTO `member` VALUES (2,'Théophile','Becker','+33 4 48 10 22 97','iBoulay@Delattre.net',33,158,85,NULL),(3,'Julie','Noel','+33 (0)5 61 83 54 36','Ribeiro.Alexandre@Munoz.org',42,155,92,NULL),(4,'Benoît','Remy','0134554239','Joubert.Margot@Roussel.fr',44,197,54,NULL),(5,'Zacharie','Benoit','+33 (0)6 94 96 92 81','eValentin@tiscali.fr',22,158,82,NULL),(6,'Luc','Fernandes','+33 7 10 06 28 73','Olivie07@orange.fr',35,187,79,NULL),(7,'Hélène','Delahaye','0708257737','Celine.Couturier@hotmail.fr',53,174,74,NULL),(8,'Marcelle','Pereira','+33 1 19 78 55 80','Grenier.Bertrand@orange.fr',30,190,89,NULL),(9,'Nath','Lopez','0616055944','pGuilbert@Ramos.com',51,197,100,NULL),(10,'Éric','Rousseau','08 50 98 28 54','jCourtois@Grondin.fr',41,195,70,NULL),(11,'Timothée','Guilbert','01 61 41 93 27','Philippe45@Blanchard.com',28,178,96,NULL),(13,'Gabriel','Martins','+33 4 10 02 56 06','Benoit29@Gaudin.fr',23,184,51,NULL),(14,'Martin','Chretien','+33 8 52 20 93 12','Gabriel.Pottier@Petit.com',29,197,89,NULL),(15,'Roland','Gimenez','+33 (0)8 48 88 51 77','Lombard.Matthieu@hotmail.fr',27,175,77,NULL),(16,'Adèle','Guichard','+33 (0)1 36 48 71 25','Philippe44@Lopes.com',20,156,73,NULL),(17,'Élise','Dufour','+33 3 91 26 71 65','Ruiz.Adelaide@Colas.org',23,174,71,NULL),(18,'Bernard','Girard','0272166030','Olivier.Stephane@Couturier.org',28,161,57,NULL),(19,'Julien','Lebrun','+33 1 00 51 66 00','Godard.Christine@free.fr',57,196,75,NULL),(20,'David','Martins','+33 1 18 63 12 85','Michel.Astrid@tiscali.fr',54,160,52,NULL),(22,'Denise','Lefevre','+33 6 25 13 00 37','nCohen@live.com',35,171,69,NULL),(23,'Roger','Munoz','+33 7 18 17 04 39','Perret.David@Julien.fr',57,173,63,NULL),(24,'Christiane','Lecoq','0809111379','Astrid43@hotmail.fr',42,155,58,NULL),(25,'André','Lelievre','02 87 62 16 71','Mercier.Antoinette@Langlois.fr',53,165,86,NULL),(26,'Arthur','Vallet','+33 (0)8 71 89 18 26','rFernandes@Prevost.fr',57,153,52,NULL),(27,'Agathe','Carre','+33 1 00 93 84 96','Louis.Legrand@Fleury.com',59,189,81,NULL),(28,'Marguerite','Moreno','0814738663','Aurelie.Cordier@live.com',24,163,93,NULL),(29,'Victor','Reynaud','+33 (0)9 91 81 69 26','Garnier.Adele@laposte.net',51,160,62,NULL),(30,'Laurence','Laroche','+33 9 83 25 52 64','oRousseau@club-internet.fr',39,183,57,NULL),(31,'Aurélie','Petitjean','+33 (0)7 97 00 61 73','Marechal.Renee@live.com',33,179,73,NULL),(32,'Émile','Leblanc','+33 7 80 00 86 02','Collet.Jeanne@Lamy.com',36,191,93,NULL),(33,'Honoré','Turpin','+33 (0)1 77 05 78 78','pVincent@laposte.net',19,163,62,NULL),(34,'Amélie','Coste','0911523951','Virginie.Leduc@Merle.com',21,197,78,NULL),(35,'Patricia','Ferrand','0820130878','Martin.Philippe@tiscali.fr',60,185,66,NULL),(36,'Thomas','Roger','0186166242','Theophile12@Laporte.fr',24,200,100,NULL),(37,'Paulette','Dupre','+33 (0)8 50 06 05 64','cVasseur@Pichon.com',47,200,82,NULL),(38,'Xavier','Besson','0124436123','Benjamin50@Masse.net',48,181,99,NULL),(39,'Raymond','Briand','0677079919','bChauvet@noos.fr',26,195,67,NULL),(40,'Guillaume','Marchand','+33 (0)8 34 00 11 83','Penelope12@Samson.net',57,200,56,NULL),(41,'Brigitte','Caron','+33 (0)1 10 54 20 37','Maurice95@free.fr',35,157,87,NULL),(42,'Stéphanie','Boutin','0567438963','yClement@tele2.fr',54,151,56,NULL),(43,'Bernard','Prevost','+33 1 98 67 35 13','Mathilde.Barthelemy@wanadoo.fr',19,192,60,NULL),(45,'Catherine','Clement','04 05 40 13 37','Leroux.Marianne@Dumas.com',38,167,93,NULL),(46,'Jeanne','Leroy','01 75 79 55 44','Andre.DeOliveira@Robert.fr',41,178,92,NULL),(47,'Antoine','Leclerc','+33 (0)1 05 80 01 06','Tanguy.Elisabeth@Monnier.fr',19,156,59,NULL),(48,'Édith','Schneider','+33 (0)7 65 06 73 28','Morel.Maggie@laposte.net',35,195,61,NULL),(49,'Valentine','Alves','+33 5 52 39 34 35','Roger.Lebon@voila.fr',57,161,60,NULL),(50,'François','Leblanc','+33 (0)7 55 05 33 16','sBlanchard@Rolland.com',38,156,72,NULL),(51,'Antoinette','Ribeiro','+33 (0)7 60 85 72 08','Perez.Raymond@live.com',21,161,54,NULL),(52,'Suzanne','Navarro','0470741815','sMarie@DeSousa.fr',20,174,92,NULL),(53,'Alain','Martin','0623661901','Marthe62@ifrance.com',54,176,69,NULL),(54,'Patricia','Joubert','+33 3 90 07 71 40','Josephine30@hotmail.fr',25,181,96,NULL),(55,'Alfred','Letellier','06 00 25 86 02','Gilbert42@Jean.fr',35,173,59,NULL),(56,'Nathalie','Gaudin','+33 (0)6 84 95 33 32','Arthur23@Evrard.net',54,194,97,NULL),(57,'Victoire','Coste','+33 2 99 33 41 79','Anne16@Maillet.fr',24,175,87,NULL),(59,'Zacharie','Fontaine','+33 (0)2 76 37 09 84','Texier.Charlotte@Gros.fr',29,184,91,NULL),(60,'Guy','Lefevre','0848172453','Hamon.Amelie@Legendre.com',52,155,60,NULL),(61,'Paul','Brun','+33 4 27 28 42 93','Sophie95@Benard.fr',37,193,98,NULL),(62,'Jules','Breton','0562108732','Merle.Roger@DosSantos.com',27,156,54,NULL),(63,'Antoine','Faivre','+33 (0)3 41 11 74 14','Hoareau.Remy@Barbier.fr',21,175,57,NULL),(64,'Audrey','Boulay','+33 (0)6 82 96 16 64','Frederique76@hotmail.fr',35,198,59,NULL),(65,'Dominique','Laporte','+33 1 24 91 92 65','Adelaide.Bouchet@hotmail.fr',54,164,55,NULL),(66,'Élise','Salmon','0828179014','oGilles@Laine.com',18,174,76,NULL),(67,'Théophile','Ribeiro','01 96 50 79 14','Chantal.Richard@dbmail.com',56,172,88,NULL),(68,'Nathalie','Cohen','+33 (0)7 14 14 75 50','iPerret@live.com',26,176,82,NULL),(69,'Pénélope','Tessier','03 02 41 62 12','Chevallier.Antoine@dbmail.com',39,186,61,NULL),(70,'Benoît','Picard','08 00 77 70 26','Denise.Herve@dbmail.com',50,197,75,NULL),(72,'Céline','Dubois','01 47 84 03 85','Alain31@Bonneau.net',59,165,99,NULL),(73,'Luc','Reynaud','+33 (0)3 59 05 79 49','William31@free.fr',20,174,77,NULL),(74,'René','Lemaitre','+33 1 28 31 31 73','Maurice78@Lefort.com',38,194,77,NULL),(75,'Émile','Gomes','0125810585','Chantal.Lebon@Ferreira.org',59,159,76,NULL),(76,'Tristan','Lebreton','+33 6 87 02 89 74','eLetellier@orange.fr',32,161,78,NULL),(77,'Marie','Costa','+33 (0)2 17 96 83 36','Nathalie.Maillet@Brun.com',23,154,99,NULL),(78,'Colette','Blanchard','+33 (0)7 14 27 96 53','Maurice.Adam@Dumas.com',33,163,81,NULL),(79,'Michelle','Ramos','02 88 22 30 49','kGros@orange.fr',24,193,72,NULL),(80,'Sébastien','Richard','+33 1 57 86 38 72','sPoirier@Hubert.org',57,188,52,NULL),(81,'Michelle','Bonneau','+33 1 80 99 77 89','Auguste.Fleury@Lelievre.org',21,162,69,NULL),(82,'Michel','Etienne','+33 (0)1 16 44 56 50','Dominique.Lemaire@Jourdan.net',48,195,54,NULL),(83,'Michel','Bertrand','+33 (0)1 48 05 59 55','Martine.Boucher@Marion.net',55,187,67,NULL),(85,'Augustin','Tanguy','09 82 71 03 98','Lucie.Techer@Paris.com',32,199,67,NULL),(86,'Chantal','Poulain','0540938295','Louise.Pelletier@Muller.com',47,158,75,NULL),(87,'Pauline','Godard','0620099646','Laurence03@hotmail.fr',29,169,73,NULL),(88,'Isabelle','Lebreton','+33 (0)7 33 89 93 22','sPages@Nicolas.fr',54,156,82,NULL),(89,'Dominique','Goncalves','+33 6 45 63 97 35','mLambert@noos.fr',59,164,89,NULL),(90,'Franck','Carre','+33 (0)4 59 62 92 59','bPelletier@Louis.com',22,182,74,NULL),(91,'Marcelle','Leclerc','01 48 91 75 39','qFaivre@Gerard.org',41,189,58,NULL),(92,'Augustin','Collet','+33 9 50 08 55 08','Yves.Sanchez@Perret.fr',55,166,72,NULL),(93,'Noémi','Lacroix','+33 8 34 94 88 70','Rousset.Helene@Leleu.net',33,196,69,NULL),(94,'Emmanuel','Giraud','+33 1 50 32 65 73','Becker.Louis@sfr.fr',54,180,94,NULL),(95,'Grégoire','Jean','01 34 31 30 11','uClement@Garnier.com',34,179,68,NULL),(96,'Marianne','Barthelemy','02 27 38 24 30','Susanne95@DeOliveira.fr',47,160,92,NULL),(97,'Adrien','Descamps','07 42 78 69 18','tMoulin@Petitjean.com',40,162,79,NULL),(98,'Victoire','Regnier','07 85 86 73 83','nGuilbert@dbmail.com',46,189,70,NULL),(99,'Patricia','Collin','05 84 56 48 04','Fontaine.David@orange.fr',47,169,75,NULL),(101,'Édith','Peron','0619167264','Agnes80@hotmail.fr',21,179,71,NULL),(102,'Laurent','Marchal','+33 (0)9 05 04 65 24','Emile52@ifrance.com',21,200,72,NULL),(103,'Thierry','Fontaine','+33 (0)3 12 14 34 25','Monique53@Jean.org',18,184,76,NULL),(104,'Jeanne','Potier','+33 (0)8 70 14 25 38','Adele.Hoarau@Delaunay.fr',20,181,90,NULL),(105,'Arnaude','Bonnet','+33 9 57 79 51 97','Elise.Lemonnier@orange.fr',47,173,84,NULL),(106,'Marthe','Pierre','0559425749','Matthieu05@Berthelot.fr',19,187,60,NULL),(107,'Denis','Le Gall','0727214507','Marcelle.Payet@tele2.fr',43,151,66,NULL),(108,'Stéphane','Hoarau','+33 (0)6 71 16 87 77','Robert.Muller@orange.fr',33,198,90,NULL),(109,'Nicolas','Roche','+33 1 29 80 38 52','aMichaud@tiscali.fr',43,166,73,NULL),(110,'Nath','Julien','+33 8 42 10 88 02','Arnaud.Ines@Meyer.org',59,191,77,NULL),(111,'Élisabeth','Tessier','0611226652','Leleu.Sophie@live.com',31,153,99,NULL),(112,'Guillaume','Regnier','+33 (0)4 69 13 60 04','Susan38@Guilbert.com',31,188,57,NULL),(113,'Joseph','Caron','+33 (0)3 41 25 50 28','Ledoux.Luc@Ollivier.fr',49,165,93,NULL),(114,'Jacques','Bousquet','09 78 53 87 47','jBreton@yahoo.fr',22,176,83,NULL),(115,'Andrée','Gosselin','+33 9 50 91 61 91','Adrienne99@Gosselin.com',54,168,87,NULL),(116,'Gabrielle','Weiss','+33 (0)7 50 48 35 41','Edith.Hamel@Guilbert.com',58,159,52,NULL),(117,'Antoine','Pineau','+33 5 16 32 69 23','mCollet@Gilbert.com',57,170,95,NULL),(118,'Valérie','Hoarau','+33 7 20 85 63 57','Lebon.Louis@Antoine.fr',53,188,64,NULL),(120,'Alexandria','Bonnin','+33 1 06 79 37 86','Robert.Maurice@gmail.com',43,187,63,NULL),(121,'Roland','Rocher','+33 3 97 68 31 99','lPetit@Blot.com',41,194,76,NULL),(122,'Alice','Chartier','0244425286','gLevy@Boulay.fr',27,170,65,NULL),(123,'René','Carlier','05 95 89 75 00','uHernandez@sfr.fr',45,177,90,NULL),(124,'Anastasie','Guillon','04 90 36 24 50','Lamy.Alfred@Barbe.fr',35,180,90,NULL),(125,'Jeannine','Benard','0320472363','Nath77@Devaux.fr',52,200,88,NULL),(126,'Adrien','Gregoire','0524924686','hThierry@sfr.fr',33,168,88,NULL),(127,'Théophile','Salmon','+33 1 37 66 77 26','Guibert.Hugues@Poulain.net',44,184,98,NULL),(128,'Christine','Vincent','+33 (0)5 98 24 09 50','Aimee78@tiscali.fr',39,194,91,NULL),(129,'Clémence','Lebon','+33 (0)7 10 60 83 83','Paris.Christelle@Barre.net',44,175,68,NULL),(130,'Alain','Rocher','+33 (0)1 66 71 15 75','kRodriguez@Albert.com',57,172,97,NULL),(131,'Margaud','Dias','+33 9 01 81 95 57','Hardy.Guillaume@yahoo.fr',44,191,79,NULL),(132,'Vincent','Leclercq','0773336235','Vincent.David@dbmail.com',41,193,73,NULL),(133,'Astrid','Vallee','0830810012','hPrevost@Roux.fr',33,167,80,NULL),(135,'Guy','Coulon','+33 3 52 76 43 70','aAuger@wanadoo.fr',48,155,67,NULL),(136,'Jeanne','Poulain','+33 (0)1 08 28 11 01','nCohen@laposte.net',29,186,84,NULL),(137,'Maggie','Grondin','0822325698','Antoine95@wanadoo.fr',32,169,63,NULL),(138,'Thérèse','Moreno','+33 1 30 95 10 39','Anastasie94@club-internet.fr',36,196,90,NULL),(139,'Michel','Pierre','01 13 96 12 00','kGonzalez@live.com',31,162,70,NULL),(140,'Océane','Carre','0519104869','eChevalier@Guilbert.fr',19,159,99,NULL),(141,'Olivier','Guilbert','+33 5 99 52 29 56','sBuisson@Chevalier.net',34,172,73,NULL),(142,'Joseph','Leveque','+33 7 69 95 02 04','Charlotte55@Michaud.com',58,173,54,NULL),(143,'Thierry','Gregoire','0100341264','Pires.Tristan@yahoo.fr',27,185,60,NULL),(144,'Théodore','Laine','0247275974','Nathalie.Hubert@wanadoo.fr',50,187,67,NULL),(145,'Gabriel','Hamel','01 18 89 17 81','Gregoire.Cordier@Peltier.com',52,166,91,NULL),(146,'Vincent','Leblanc','+33 (0)5 67 60 63 52','Tanguy.Margot@dbmail.com',58,170,87,NULL),(147,'Amélie','Gomez','09 12 33 97 97','cColas@Legendre.org',25,165,69,NULL),(148,'Émile','Coulon','02 68 48 40 43','David.Pichon@tiscali.fr',36,194,75,NULL),(149,'Martine','Guyot','0411882879','uJacquet@Antoine.fr',45,154,61,NULL),(150,'Lorraine','Gomes','0152408035','dLegendre@Techer.com',35,194,69,NULL),(151,'Georges','Gonzalez','+33 (0)6 28 56 85 93','yGros@laposte.net',39,182,82,NULL),(152,'Laure','Chartier','09 24 53 40 73','oPetitjean@club-internet.fr',47,196,50,NULL),(153,'Marine','Diallo','+33 4 31 17 74 43','Auguste62@Perrier.net',48,162,50,NULL),(154,'Thérèse','Bertrand','01 74 13 86 33','Paris.Jacques@Rousset.org',26,162,74,NULL),(155,'Thibault','Albert','0411062754','uBoucher@sfr.fr',20,190,79,NULL),(159,'Adrien','Christophe',NULL,'test@test.com',NULL,NULL,NULL,NULL),(160,'Adrien','Christophe',NULL,'sostylefashion@hotmail.fr',NULL,NULL,NULL,NULL),(169,'test3','test3',NULL,'test3@test.com',NULL,NULL,NULL,NULL),(170,'test3','test3',NULL,'test3@test.com',NULL,NULL,NULL,NULL),(171,'test5','test5',NULL,'test5@test.com',NULL,NULL,NULL,NULL),(172,'test5','test5',NULL,'test5@test.com',NULL,NULL,NULL,NULL),(175,'Adrien','Christophe',NULL,'adriChristophe@gmail.com',NULL,NULL,NULL,NULL),(232,'tessst','tessst',NULL,'tesssst@tessst.com',NULL,NULL,NULL,NULL);
/*!40000 ALTER TABLE `member` ENABLE KEYS */;
UNLOCK TABLES;

--
-- Table structure for table `messenger_messages`
--

DROP TABLE IF EXISTS `messenger_messages`;
/*!40101 SET @saved_cs_client     = @@character_set_client */;
/*!50503 SET character_set_client = utf8mb4 */;
CREATE TABLE `messenger_messages` (
  `id` bigint NOT NULL AUTO_INCREMENT,
  `body` longtext COLLATE utf8mb4_unicode_ci NOT NULL,
  `headers` longtext COLLATE utf8mb4_unicode_ci NOT NULL,
  `queue_name` varchar(190) COLLATE utf8mb4_unicode_ci NOT NULL,
  `created_at` datetime NOT NULL,
  `available_at` datetime NOT NULL,
  `delivered_at` datetime DEFAULT NULL,
  PRIMARY KEY (`id`),
  KEY `IDX_75EA56E0FB7336F0` (`queue_name`),
  KEY `IDX_75EA56E0E3BD61CE` (`available_at`),
  KEY `IDX_75EA56E016BA31DB` (`delivered_at`)
) ENGINE=InnoDB AUTO_INCREMENT=6 DEFAULT CHARSET=utf8mb4 COLLATE=utf8mb4_unicode_ci;
/*!40101 SET character_set_client = @saved_cs_client */;

--
-- Dumping data for table `messenger_messages`
--

LOCK TABLES `messenger_messages` WRITE;
/*!40000 ALTER TABLE `messenger_messages` DISABLE KEYS */;
INSERT INTO `messenger_messages` VALUES (1,'O:36:\\\"Symfony\\\\Component\\\\Messenger\\\\Envelope\\\":2:{s:44:\\\"\\0Symfony\\\\Component\\\\Messenger\\\\Envelope\\0stamps\\\";a:1:{s:46:\\\"Symfony\\\\Component\\\\Messenger\\\\Stamp\\\\BusNameStamp\\\";a:1:{i:0;O:46:\\\"Symfony\\\\Component\\\\Messenger\\\\Stamp\\\\BusNameStamp\\\":1:{s:55:\\\"\\0Symfony\\\\Component\\\\Messenger\\\\Stamp\\\\BusNameStamp\\0busName\\\";s:21:\\\"messenger.bus.default\\\";}}}s:45:\\\"\\0Symfony\\\\Component\\\\Messenger\\\\Envelope\\0message\\\";O:51:\\\"Symfony\\\\Component\\\\Mailer\\\\Messenger\\\\SendEmailMessage\\\":2:{s:60:\\\"\\0Symfony\\\\Component\\\\Mailer\\\\Messenger\\\\SendEmailMessage\\0message\\\";O:28:\\\"Symfony\\\\Component\\\\Mime\\\\Email\\\":6:{i:0;N;i:1;N;i:2;s:131:\\\"<p>Merci de vous être inscrit ! Cliquez sur le lien suivant pour confirmer votre compte : <a href=\\\"#\\\">Lien de confirmation</a></p>\\\";i:3;s:5:\\\"utf-8\\\";i:4;a:0:{}i:5;a:2:{i:0;O:37:\\\"Symfony\\\\Component\\\\Mime\\\\Header\\\\Headers\\\":2:{s:46:\\\"\\0Symfony\\\\Component\\\\Mime\\\\Header\\\\Headers\\0headers\\\";a:3:{s:4:\\\"from\\\";a:1:{i:0;O:47:\\\"Symfony\\\\Component\\\\Mime\\\\Header\\\\MailboxListHeader\\\":5:{s:50:\\\"\\0Symfony\\\\Component\\\\Mime\\\\Header\\\\AbstractHeader\\0name\\\";s:4:\\\"From\\\";s:56:\\\"\\0Symfony\\\\Component\\\\Mime\\\\Header\\\\AbstractHeader\\0lineLength\\\";i:76;s:50:\\\"\\0Symfony\\\\Component\\\\Mime\\\\Header\\\\AbstractHeader\\0lang\\\";N;s:53:\\\"\\0Symfony\\\\Component\\\\Mime\\\\Header\\\\AbstractHeader\\0charset\\\";s:5:\\\"utf-8\\\";s:58:\\\"\\0Symfony\\\\Component\\\\Mime\\\\Header\\\\MailboxListHeader\\0addresses\\\";a:1:{i:0;O:30:\\\"Symfony\\\\Component\\\\Mime\\\\Address\\\":2:{s:39:\\\"\\0Symfony\\\\Component\\\\Mime\\\\Address\\0address\\\";s:17:\\\"hello@example.com\\\";s:36:\\\"\\0Symfony\\\\Component\\\\Mime\\\\Address\\0name\\\";s:0:\\\"\\\";}}}}s:2:\\\"to\\\";a:1:{i:0;O:47:\\\"Symfony\\\\Component\\\\Mime\\\\Header\\\\MailboxListHeader\\\":5:{s:50:\\\"\\0Symfony\\\\Component\\\\Mime\\\\Header\\\\AbstractHeader\\0name\\\";s:2:\\\"To\\\";s:56:\\\"\\0Symfony\\\\Component\\\\Mime\\\\Header\\\\AbstractHeader\\0lineLength\\\";i:76;s:50:\\\"\\0Symfony\\\\Component\\\\Mime\\\\Header\\\\AbstractHeader\\0lang\\\";N;s:53:\\\"\\0Symfony\\\\Component\\\\Mime\\\\Header\\\\AbstractHeader\\0charset\\\";s:5:\\\"utf-8\\\";s:58:\\\"\\0Symfony\\\\Component\\\\Mime\\\\Header\\\\MailboxListHeader\\0addresses\\\";a:1:{i:0;O:30:\\\"Symfony\\\\Component\\\\Mime\\\\Address\\\":2:{s:39:\\\"\\0Symfony\\\\Component\\\\Mime\\\\Address\\0address\\\";s:24:\\\"adrichristophe@gmail.com\\\";s:36:\\\"\\0Symfony\\\\Component\\\\Mime\\\\Address\\0name\\\";s:0:\\\"\\\";}}}}s:7:\\\"subject\\\";a:1:{i:0;O:48:\\\"Symfony\\\\Component\\\\Mime\\\\Header\\\\UnstructuredHeader\\\":5:{s:50:\\\"\\0Symfony\\\\Component\\\\Mime\\\\Header\\\\AbstractHeader\\0name\\\";s:7:\\\"Subject\\\";s:56:\\\"\\0Symfony\\\\Component\\\\Mime\\\\Header\\\\AbstractHeader\\0lineLength\\\";i:76;s:50:\\\"\\0Symfony\\\\Component\\\\Mime\\\\Header\\\\AbstractHeader\\0lang\\\";N;s:53:\\\"\\0Symfony\\\\Component\\\\Mime\\\\Header\\\\AbstractHeader\\0charset\\\";s:5:\\\"utf-8\\\";s:55:\\\"\\0Symfony\\\\Component\\\\Mime\\\\Header\\\\UnstructuredHeader\\0value\\\";s:26:\\\"Confirmation d\\\'inscription\\\";}}}s:49:\\\"\\0Symfony\\\\Component\\\\Mime\\\\Header\\\\Headers\\0lineLength\\\";i:76;}i:1;N;}}s:61:\\\"\\0Symfony\\\\Component\\\\Mailer\\\\Messenger\\\\SendEmailMessage\\0envelope\\\";N;}}','[]','default','2023-04-10 10:40:03','2023-04-10 10:40:03',NULL),(2,'O:36:\\\"Symfony\\\\Component\\\\Messenger\\\\Envelope\\\":2:{s:44:\\\"\\0Symfony\\\\Component\\\\Messenger\\\\Envelope\\0stamps\\\";a:1:{s:46:\\\"Symfony\\\\Component\\\\Messenger\\\\Stamp\\\\BusNameStamp\\\";a:1:{i:0;O:46:\\\"Symfony\\\\Component\\\\Messenger\\\\Stamp\\\\BusNameStamp\\\":1:{s:55:\\\"\\0Symfony\\\\Component\\\\Messenger\\\\Stamp\\\\BusNameStamp\\0busName\\\";s:21:\\\"messenger.bus.default\\\";}}}s:45:\\\"\\0Symfony\\\\Component\\\\Messenger\\\\Envelope\\0message\\\";O:51:\\\"Symfony\\\\Component\\\\Mailer\\\\Messenger\\\\SendEmailMessage\\\":2:{s:60:\\\"\\0Symfony\\\\Component\\\\Mailer\\\\Messenger\\\\SendEmailMessage\\0message\\\";O:28:\\\"Symfony\\\\Component\\\\Mime\\\\Email\\\":6:{i:0;N;i:1;N;i:2;s:131:\\\"<p>Merci de vous être inscrit ! Cliquez sur le lien suivant pour confirmer votre compte : <a href=\\\"#\\\">Lien de confirmation</a></p>\\\";i:3;s:5:\\\"utf-8\\\";i:4;a:0:{}i:5;a:2:{i:0;O:37:\\\"Symfony\\\\Component\\\\Mime\\\\Header\\\\Headers\\\":2:{s:46:\\\"\\0Symfony\\\\Component\\\\Mime\\\\Header\\\\Headers\\0headers\\\";a:3:{s:4:\\\"from\\\";a:1:{i:0;O:47:\\\"Symfony\\\\Component\\\\Mime\\\\Header\\\\MailboxListHeader\\\":5:{s:50:\\\"\\0Symfony\\\\Component\\\\Mime\\\\Header\\\\AbstractHeader\\0name\\\";s:4:\\\"From\\\";s:56:\\\"\\0Symfony\\\\Component\\\\Mime\\\\Header\\\\AbstractHeader\\0lineLength\\\";i:76;s:50:\\\"\\0Symfony\\\\Component\\\\Mime\\\\Header\\\\AbstractHeader\\0lang\\\";N;s:53:\\\"\\0Symfony\\\\Component\\\\Mime\\\\Header\\\\AbstractHeader\\0charset\\\";s:5:\\\"utf-8\\\";s:58:\\\"\\0Symfony\\\\Component\\\\Mime\\\\Header\\\\MailboxListHeader\\0addresses\\\";a:1:{i:0;O:30:\\\"Symfony\\\\Component\\\\Mime\\\\Address\\\":2:{s:39:\\\"\\0Symfony\\\\Component\\\\Mime\\\\Address\\0address\\\";s:17:\\\"hello@example.com\\\";s:36:\\\"\\0Symfony\\\\Component\\\\Mime\\\\Address\\0name\\\";s:0:\\\"\\\";}}}}s:2:\\\"to\\\";a:1:{i:0;O:47:\\\"Symfony\\\\Component\\\\Mime\\\\Header\\\\MailboxListHeader\\\":5:{s:50:\\\"\\0Symfony\\\\Component\\\\Mime\\\\Header\\\\AbstractHeader\\0name\\\";s:2:\\\"To\\\";s:56:\\\"\\0Symfony\\\\Component\\\\Mime\\\\Header\\\\AbstractHeader\\0lineLength\\\";i:76;s:50:\\\"\\0Symfony\\\\Component\\\\Mime\\\\Header\\\\AbstractHeader\\0lang\\\";N;s:53:\\\"\\0Symfony\\\\Component\\\\Mime\\\\Header\\\\AbstractHeader\\0charset\\\";s:5:\\\"utf-8\\\";s:58:\\\"\\0Symfony\\\\Component\\\\Mime\\\\Header\\\\MailboxListHeader\\0addresses\\\";a:1:{i:0;O:30:\\\"Symfony\\\\Component\\\\Mime\\\\Address\\\":2:{s:39:\\\"\\0Symfony\\\\Component\\\\Mime\\\\Address\\0address\\\";s:24:\\\"adrichristophe@gmail.com\\\";s:36:\\\"\\0Symfony\\\\Component\\\\Mime\\\\Address\\0name\\\";s:0:\\\"\\\";}}}}s:7:\\\"subject\\\";a:1:{i:0;O:48:\\\"Symfony\\\\Component\\\\Mime\\\\Header\\\\UnstructuredHeader\\\":5:{s:50:\\\"\\0Symfony\\\\Component\\\\Mime\\\\Header\\\\AbstractHeader\\0name\\\";s:7:\\\"Subject\\\";s:56:\\\"\\0Symfony\\\\Component\\\\Mime\\\\Header\\\\AbstractHeader\\0lineLength\\\";i:76;s:50:\\\"\\0Symfony\\\\Component\\\\Mime\\\\Header\\\\AbstractHeader\\0lang\\\";N;s:53:\\\"\\0Symfony\\\\Component\\\\Mime\\\\Header\\\\AbstractHeader\\0charset\\\";s:5:\\\"utf-8\\\";s:55:\\\"\\0Symfony\\\\Component\\\\Mime\\\\Header\\\\UnstructuredHeader\\0value\\\";s:26:\\\"Confirmation d\\\'inscription\\\";}}}s:49:\\\"\\0Symfony\\\\Component\\\\Mime\\\\Header\\\\Headers\\0lineLength\\\";i:76;}i:1;N;}}s:61:\\\"\\0Symfony\\\\Component\\\\Mailer\\\\Messenger\\\\SendEmailMessage\\0envelope\\\";N;}}','[]','default','2023-04-10 10:46:11','2023-04-10 10:46:11',NULL),(3,'O:36:\\\"Symfony\\\\Component\\\\Messenger\\\\Envelope\\\":2:{s:44:\\\"\\0Symfony\\\\Component\\\\Messenger\\\\Envelope\\0stamps\\\";a:1:{s:46:\\\"Symfony\\\\Component\\\\Messenger\\\\Stamp\\\\BusNameStamp\\\";a:1:{i:0;O:46:\\\"Symfony\\\\Component\\\\Messenger\\\\Stamp\\\\BusNameStamp\\\":1:{s:55:\\\"\\0Symfony\\\\Component\\\\Messenger\\\\Stamp\\\\BusNameStamp\\0busName\\\";s:21:\\\"messenger.bus.default\\\";}}}s:45:\\\"\\0Symfony\\\\Component\\\\Messenger\\\\Envelope\\0message\\\";O:51:\\\"Symfony\\\\Component\\\\Mailer\\\\Messenger\\\\SendEmailMessage\\\":2:{s:60:\\\"\\0Symfony\\\\Component\\\\Mailer\\\\Messenger\\\\SendEmailMessage\\0message\\\";O:28:\\\"Symfony\\\\Component\\\\Mime\\\\Email\\\":6:{i:0;N;i:1;N;i:2;s:131:\\\"<p>Merci de vous être inscrit ! Cliquez sur le lien suivant pour confirmer votre compte : <a href=\\\"#\\\">Lien de confirmation</a></p>\\\";i:3;s:5:\\\"utf-8\\\";i:4;a:0:{}i:5;a:2:{i:0;O:37:\\\"Symfony\\\\Component\\\\Mime\\\\Header\\\\Headers\\\":2:{s:46:\\\"\\0Symfony\\\\Component\\\\Mime\\\\Header\\\\Headers\\0headers\\\";a:3:{s:4:\\\"from\\\";a:1:{i:0;O:47:\\\"Symfony\\\\Component\\\\Mime\\\\Header\\\\MailboxListHeader\\\":5:{s:50:\\\"\\0Symfony\\\\Component\\\\Mime\\\\Header\\\\AbstractHeader\\0name\\\";s:4:\\\"From\\\";s:56:\\\"\\0Symfony\\\\Component\\\\Mime\\\\Header\\\\AbstractHeader\\0lineLength\\\";i:76;s:50:\\\"\\0Symfony\\\\Component\\\\Mime\\\\Header\\\\AbstractHeader\\0lang\\\";N;s:53:\\\"\\0Symfony\\\\Component\\\\Mime\\\\Header\\\\AbstractHeader\\0charset\\\";s:5:\\\"utf-8\\\";s:58:\\\"\\0Symfony\\\\Component\\\\Mime\\\\Header\\\\MailboxListHeader\\0addresses\\\";a:1:{i:0;O:30:\\\"Symfony\\\\Component\\\\Mime\\\\Address\\\":2:{s:39:\\\"\\0Symfony\\\\Component\\\\Mime\\\\Address\\0address\\\";s:17:\\\"hello@example.com\\\";s:36:\\\"\\0Symfony\\\\Component\\\\Mime\\\\Address\\0name\\\";s:0:\\\"\\\";}}}}s:2:\\\"to\\\";a:1:{i:0;O:47:\\\"Symfony\\\\Component\\\\Mime\\\\Header\\\\MailboxListHeader\\\":5:{s:50:\\\"\\0Symfony\\\\Component\\\\Mime\\\\Header\\\\AbstractHeader\\0name\\\";s:2:\\\"To\\\";s:56:\\\"\\0Symfony\\\\Component\\\\Mime\\\\Header\\\\AbstractHeader\\0lineLength\\\";i:76;s:50:\\\"\\0Symfony\\\\Component\\\\Mime\\\\Header\\\\AbstractHeader\\0lang\\\";N;s:53:\\\"\\0Symfony\\\\Component\\\\Mime\\\\Header\\\\AbstractHeader\\0charset\\\";s:5:\\\"utf-8\\\";s:58:\\\"\\0Symfony\\\\Component\\\\Mime\\\\Header\\\\MailboxListHeader\\0addresses\\\";a:1:{i:0;O:30:\\\"Symfony\\\\Component\\\\Mime\\\\Address\\\":2:{s:39:\\\"\\0Symfony\\\\Component\\\\Mime\\\\Address\\0address\\\";s:24:\\\"adrichristophe@gmail.com\\\";s:36:\\\"\\0Symfony\\\\Component\\\\Mime\\\\Address\\0name\\\";s:0:\\\"\\\";}}}}s:7:\\\"subject\\\";a:1:{i:0;O:48:\\\"Symfony\\\\Component\\\\Mime\\\\Header\\\\UnstructuredHeader\\\":5:{s:50:\\\"\\0Symfony\\\\Component\\\\Mime\\\\Header\\\\AbstractHeader\\0name\\\";s:7:\\\"Subject\\\";s:56:\\\"\\0Symfony\\\\Component\\\\Mime\\\\Header\\\\AbstractHeader\\0lineLength\\\";i:76;s:50:\\\"\\0Symfony\\\\Component\\\\Mime\\\\Header\\\\AbstractHeader\\0lang\\\";N;s:53:\\\"\\0Symfony\\\\Component\\\\Mime\\\\Header\\\\AbstractHeader\\0charset\\\";s:5:\\\"utf-8\\\";s:55:\\\"\\0Symfony\\\\Component\\\\Mime\\\\Header\\\\UnstructuredHeader\\0value\\\";s:26:\\\"Confirmation d\\\'inscription\\\";}}}s:49:\\\"\\0Symfony\\\\Component\\\\Mime\\\\Header\\\\Headers\\0lineLength\\\";i:76;}i:1;N;}}s:61:\\\"\\0Symfony\\\\Component\\\\Mailer\\\\Messenger\\\\SendEmailMessage\\0envelope\\\";N;}}','[]','default','2023-04-10 10:50:43','2023-04-10 10:50:43',NULL),(4,'O:36:\\\"Symfony\\\\Component\\\\Messenger\\\\Envelope\\\":2:{s:44:\\\"\\0Symfony\\\\Component\\\\Messenger\\\\Envelope\\0stamps\\\";a:1:{s:46:\\\"Symfony\\\\Component\\\\Messenger\\\\Stamp\\\\BusNameStamp\\\";a:1:{i:0;O:46:\\\"Symfony\\\\Component\\\\Messenger\\\\Stamp\\\\BusNameStamp\\\":1:{s:55:\\\"\\0Symfony\\\\Component\\\\Messenger\\\\Stamp\\\\BusNameStamp\\0busName\\\";s:21:\\\"messenger.bus.default\\\";}}}s:45:\\\"\\0Symfony\\\\Component\\\\Messenger\\\\Envelope\\0message\\\";O:51:\\\"Symfony\\\\Component\\\\Mailer\\\\Messenger\\\\SendEmailMessage\\\":2:{s:60:\\\"\\0Symfony\\\\Component\\\\Mailer\\\\Messenger\\\\SendEmailMessage\\0message\\\";O:28:\\\"Symfony\\\\Component\\\\Mime\\\\Email\\\":6:{i:0;N;i:1;N;i:2;s:131:\\\"<p>Merci de vous être inscrit ! Cliquez sur le lien suivant pour confirmer votre compte : <a href=\\\"#\\\">Lien de confirmation</a></p>\\\";i:3;s:5:\\\"utf-8\\\";i:4;a:0:{}i:5;a:2:{i:0;O:37:\\\"Symfony\\\\Component\\\\Mime\\\\Header\\\\Headers\\\":2:{s:46:\\\"\\0Symfony\\\\Component\\\\Mime\\\\Header\\\\Headers\\0headers\\\";a:3:{s:4:\\\"from\\\";a:1:{i:0;O:47:\\\"Symfony\\\\Component\\\\Mime\\\\Header\\\\MailboxListHeader\\\":5:{s:50:\\\"\\0Symfony\\\\Component\\\\Mime\\\\Header\\\\AbstractHeader\\0name\\\";s:4:\\\"From\\\";s:56:\\\"\\0Symfony\\\\Component\\\\Mime\\\\Header\\\\AbstractHeader\\0lineLength\\\";i:76;s:50:\\\"\\0Symfony\\\\Component\\\\Mime\\\\Header\\\\AbstractHeader\\0lang\\\";N;s:53:\\\"\\0Symfony\\\\Component\\\\Mime\\\\Header\\\\AbstractHeader\\0charset\\\";s:5:\\\"utf-8\\\";s:58:\\\"\\0Symfony\\\\Component\\\\Mime\\\\Header\\\\MailboxListHeader\\0addresses\\\";a:1:{i:0;O:30:\\\"Symfony\\\\Component\\\\Mime\\\\Address\\\":2:{s:39:\\\"\\0Symfony\\\\Component\\\\Mime\\\\Address\\0address\\\";s:17:\\\"hello@example.com\\\";s:36:\\\"\\0Symfony\\\\Component\\\\Mime\\\\Address\\0name\\\";s:0:\\\"\\\";}}}}s:2:\\\"to\\\";a:1:{i:0;O:47:\\\"Symfony\\\\Component\\\\Mime\\\\Header\\\\MailboxListHeader\\\":5:{s:50:\\\"\\0Symfony\\\\Component\\\\Mime\\\\Header\\\\AbstractHeader\\0name\\\";s:2:\\\"To\\\";s:56:\\\"\\0Symfony\\\\Component\\\\Mime\\\\Header\\\\AbstractHeader\\0lineLength\\\";i:76;s:50:\\\"\\0Symfony\\\\Component\\\\Mime\\\\Header\\\\AbstractHeader\\0lang\\\";N;s:53:\\\"\\0Symfony\\\\Component\\\\Mime\\\\Header\\\\AbstractHeader\\0charset\\\";s:5:\\\"utf-8\\\";s:58:\\\"\\0Symfony\\\\Component\\\\Mime\\\\Header\\\\MailboxListHeader\\0addresses\\\";a:1:{i:0;O:30:\\\"Symfony\\\\Component\\\\Mime\\\\Address\\\":2:{s:39:\\\"\\0Symfony\\\\Component\\\\Mime\\\\Address\\0address\\\";s:24:\\\"adriChristophe@gmail.com\\\";s:36:\\\"\\0Symfony\\\\Component\\\\Mime\\\\Address\\0name\\\";s:0:\\\"\\\";}}}}s:7:\\\"subject\\\";a:1:{i:0;O:48:\\\"Symfony\\\\Component\\\\Mime\\\\Header\\\\UnstructuredHeader\\\":5:{s:50:\\\"\\0Symfony\\\\Component\\\\Mime\\\\Header\\\\AbstractHeader\\0name\\\";s:7:\\\"Subject\\\";s:56:\\\"\\0Symfony\\\\Component\\\\Mime\\\\Header\\\\AbstractHeader\\0lineLength\\\";i:76;s:50:\\\"\\0Symfony\\\\Component\\\\Mime\\\\Header\\\\AbstractHeader\\0lang\\\";N;s:53:\\\"\\0Symfony\\\\Component\\\\Mime\\\\Header\\\\AbstractHeader\\0charset\\\";s:5:\\\"utf-8\\\";s:55:\\\"\\0Symfony\\\\Component\\\\Mime\\\\Header\\\\UnstructuredHeader\\0value\\\";s:26:\\\"Confirmation d\\\'inscription\\\";}}}s:49:\\\"\\0Symfony\\\\Component\\\\Mime\\\\Header\\\\Headers\\0lineLength\\\";i:76;}i:1;N;}}s:61:\\\"\\0Symfony\\\\Component\\\\Mailer\\\\Messenger\\\\SendEmailMessage\\0envelope\\\";N;}}','[]','default','2023-04-10 10:56:31','2023-04-10 10:56:31',NULL),(5,'O:36:\\\"Symfony\\\\Component\\\\Messenger\\\\Envelope\\\":2:{s:44:\\\"\\0Symfony\\\\Component\\\\Messenger\\\\Envelope\\0stamps\\\";a:1:{s:46:\\\"Symfony\\\\Component\\\\Messenger\\\\Stamp\\\\BusNameStamp\\\";a:1:{i:0;O:46:\\\"Symfony\\\\Component\\\\Messenger\\\\Stamp\\\\BusNameStamp\\\":1:{s:55:\\\"\\0Symfony\\\\Component\\\\Messenger\\\\Stamp\\\\BusNameStamp\\0busName\\\";s:21:\\\"messenger.bus.default\\\";}}}s:45:\\\"\\0Symfony\\\\Component\\\\Messenger\\\\Envelope\\0message\\\";O:51:\\\"Symfony\\\\Component\\\\Mailer\\\\Messenger\\\\SendEmailMessage\\\":2:{s:60:\\\"\\0Symfony\\\\Component\\\\Mailer\\\\Messenger\\\\SendEmailMessage\\0message\\\";O:28:\\\"Symfony\\\\Component\\\\Mime\\\\Email\\\":6:{i:0;N;i:1;N;i:2;s:131:\\\"<p>Merci de vous être inscrit ! Cliquez sur le lien suivant pour confirmer votre compte : <a href=\\\"#\\\">Lien de confirmation</a></p>\\\";i:3;s:5:\\\"utf-8\\\";i:4;a:0:{}i:5;a:2:{i:0;O:37:\\\"Symfony\\\\Component\\\\Mime\\\\Header\\\\Headers\\\":2:{s:46:\\\"\\0Symfony\\\\Component\\\\Mime\\\\Header\\\\Headers\\0headers\\\";a:3:{s:4:\\\"from\\\";a:1:{i:0;O:47:\\\"Symfony\\\\Component\\\\Mime\\\\Header\\\\MailboxListHeader\\\":5:{s:50:\\\"\\0Symfony\\\\Component\\\\Mime\\\\Header\\\\AbstractHeader\\0name\\\";s:4:\\\"From\\\";s:56:\\\"\\0Symfony\\\\Component\\\\Mime\\\\Header\\\\AbstractHeader\\0lineLength\\\";i:76;s:50:\\\"\\0Symfony\\\\Component\\\\Mime\\\\Header\\\\AbstractHeader\\0lang\\\";N;s:53:\\\"\\0Symfony\\\\Component\\\\Mime\\\\Header\\\\AbstractHeader\\0charset\\\";s:5:\\\"utf-8\\\";s:58:\\\"\\0Symfony\\\\Component\\\\Mime\\\\Header\\\\MailboxListHeader\\0addresses\\\";a:1:{i:0;O:30:\\\"Symfony\\\\Component\\\\Mime\\\\Address\\\":2:{s:39:\\\"\\0Symfony\\\\Component\\\\Mime\\\\Address\\0address\\\";s:17:\\\"hello@example.com\\\";s:36:\\\"\\0Symfony\\\\Component\\\\Mime\\\\Address\\0name\\\";s:0:\\\"\\\";}}}}s:2:\\\"to\\\";a:1:{i:0;O:47:\\\"Symfony\\\\Component\\\\Mime\\\\Header\\\\MailboxListHeader\\\":5:{s:50:\\\"\\0Symfony\\\\Component\\\\Mime\\\\Header\\\\AbstractHeader\\0name\\\";s:2:\\\"To\\\";s:56:\\\"\\0Symfony\\\\Component\\\\Mime\\\\Header\\\\AbstractHeader\\0lineLength\\\";i:76;s:50:\\\"\\0Symfony\\\\Component\\\\Mime\\\\Header\\\\AbstractHeader\\0lang\\\";N;s:53:\\\"\\0Symfony\\\\Component\\\\Mime\\\\Header\\\\AbstractHeader\\0charset\\\";s:5:\\\"utf-8\\\";s:58:\\\"\\0Symfony\\\\Component\\\\Mime\\\\Header\\\\MailboxListHeader\\0addresses\\\";a:1:{i:0;O:30:\\\"Symfony\\\\Component\\\\Mime\\\\Address\\\":2:{s:39:\\\"\\0Symfony\\\\Component\\\\Mime\\\\Address\\0address\\\";s:24:\\\"adriChristophe@gmail.com\\\";s:36:\\\"\\0Symfony\\\\Component\\\\Mime\\\\Address\\0name\\\";s:0:\\\"\\\";}}}}s:7:\\\"subject\\\";a:1:{i:0;O:48:\\\"Symfony\\\\Component\\\\Mime\\\\Header\\\\UnstructuredHeader\\\":5:{s:50:\\\"\\0Symfony\\\\Component\\\\Mime\\\\Header\\\\AbstractHeader\\0name\\\";s:7:\\\"Subject\\\";s:56:\\\"\\0Symfony\\\\Component\\\\Mime\\\\Header\\\\AbstractHeader\\0lineLength\\\";i:76;s:50:\\\"\\0Symfony\\\\Component\\\\Mime\\\\Header\\\\AbstractHeader\\0lang\\\";N;s:53:\\\"\\0Symfony\\\\Component\\\\Mime\\\\Header\\\\AbstractHeader\\0charset\\\";s:5:\\\"utf-8\\\";s:55:\\\"\\0Symfony\\\\Component\\\\Mime\\\\Header\\\\UnstructuredHeader\\0value\\\";s:26:\\\"Confirmation d\\\'inscription\\\";}}}s:49:\\\"\\0Symfony\\\\Component\\\\Mime\\\\Header\\\\Headers\\0lineLength\\\";i:76;}i:1;N;}}s:61:\\\"\\0Symfony\\\\Component\\\\Mailer\\\\Messenger\\\\SendEmailMessage\\0envelope\\\";N;}}','[]','default','2023-04-10 11:24:58','2023-04-10 11:24:58',NULL);
/*!40000 ALTER TABLE `messenger_messages` ENABLE KEYS */;
UNLOCK TABLES;

--
-- Table structure for table `objective`
--

DROP TABLE IF EXISTS `objective`;
/*!40101 SET @saved_cs_client     = @@character_set_client */;
/*!50503 SET character_set_client = utf8mb4 */;
CREATE TABLE `objective` (
  `id` int NOT NULL AUTO_INCREMENT,
  `weight_objective` int NOT NULL,
  `height_objective` int NOT NULL,
  PRIMARY KEY (`id`)
) ENGINE=InnoDB DEFAULT CHARSET=utf8mb4 COLLATE=utf8mb4_unicode_ci;
/*!40101 SET character_set_client = @saved_cs_client */;

--
-- Dumping data for table `objective`
--

LOCK TABLES `objective` WRITE;
/*!40000 ALTER TABLE `objective` DISABLE KEYS */;
/*!40000 ALTER TABLE `objective` ENABLE KEYS */;
UNLOCK TABLES;

--
-- Table structure for table `partie_corps`
--

DROP TABLE IF EXISTS `partie_corps`;
/*!40101 SET @saved_cs_client     = @@character_set_client */;
/*!50503 SET character_set_client = utf8mb4 */;
CREATE TABLE `partie_corps` (
  `id` int NOT NULL AUTO_INCREMENT,
  `id_exercise` int NOT NULL,
  `nom` varchar(255) COLLATE utf8mb4_unicode_ci NOT NULL,
  PRIMARY KEY (`id`),
  KEY `IDX_7655A469FE013989` (`id_exercise`),
  CONSTRAINT `FK_7655A469FE013989` FOREIGN KEY (`id_exercise`) REFERENCES `exercises` (`id`)
) ENGINE=InnoDB DEFAULT CHARSET=utf8mb4 COLLATE=utf8mb4_unicode_ci;
/*!40101 SET character_set_client = @saved_cs_client */;

--
-- Dumping data for table `partie_corps`
--

LOCK TABLES `partie_corps` WRITE;
/*!40000 ALTER TABLE `partie_corps` DISABLE KEYS */;
/*!40000 ALTER TABLE `partie_corps` ENABLE KEYS */;
UNLOCK TABLES;

--
-- Table structure for table `user`
--

DROP TABLE IF EXISTS `user`;
/*!40101 SET @saved_cs_client     = @@character_set_client */;
/*!50503 SET character_set_client = utf8mb4 */;
CREATE TABLE `user` (
  `id` int NOT NULL AUTO_INCREMENT,
  `user_id` int DEFAULT NULL,
  `email` varchar(180) COLLATE utf8mb4_unicode_ci NOT NULL,
  `roles` json NOT NULL,
  `password` varchar(255) COLLATE utf8mb4_unicode_ci NOT NULL,
  `first_name` varchar(255) COLLATE utf8mb4_unicode_ci NOT NULL,
  `last_name` varchar(255) COLLATE utf8mb4_unicode_ci NOT NULL,
  `coach_id` varchar(36) COLLATE utf8mb4_unicode_ci DEFAULT NULL,
  `confirmation_token` varchar(255) COLLATE utf8mb4_unicode_ci DEFAULT NULL,
  `confirmation_token_expires_at` datetime DEFAULT NULL,
  `is_verified` tinyint(1) NOT NULL,
  PRIMARY KEY (`id`),
  UNIQUE KEY `UNIQ_8D93D649E7927C74` (`email`),
  UNIQUE KEY `UNIQ_8D93D6493C105691` (`coach_id`),
  KEY `IDX_8D93D649A76ED395` (`user_id`),
  CONSTRAINT `FK_8D93D649A76ED395` FOREIGN KEY (`user_id`) REFERENCES `user` (`id`)
) ENGINE=InnoDB AUTO_INCREMENT=261 DEFAULT CHARSET=utf8mb4 COLLATE=utf8mb4_unicode_ci;
/*!40101 SET character_set_client = @saved_cs_client */;

--
-- Dumping data for table `user`
--

LOCK TABLES `user` WRITE;
/*!40000 ALTER TABLE `user` DISABLE KEYS */;
INSERT INTO `user` VALUES (1,NULL,'Jeannine.Gallet@laposte.net','[\"ROLE_COACH\"]','$2y$13$w9Fzx2VgVRUcXaYgYLTyHeuqbL4i5AFKPuAs.IP5LBzFZY4fUaMSi','Aurore','Pinto',NULL,NULL,NULL,0),(2,1,'iBoulay@Delattre.net','[\"ROLE_USER\"]','$2y$13$WRNIWJeGCKOxgH4BJyXl/urAyoGMTviLVIhjoLBSSq2HIXBIEFhOe','Théophile','Becker',NULL,NULL,NULL,0),(3,1,'Ribeiro.Alexandre@Munoz.org','[\"ROLE_USER\"]','$2y$13$edV1NiRuQV/rOYnRxMJjKuf3VnRyFWin9lwtE.rYz6j0CIgSwTO1u','Julie','Noel',NULL,NULL,NULL,0),(4,1,'Joubert.Margot@Roussel.fr','[\"ROLE_USER\"]','$2y$13$qBRuGSbIGHxH0t5KjXUiIeWfjPH7XT0CAY8a2T37NxuRmMCHaoZwC','Benoît','Remy',NULL,NULL,NULL,0),(5,1,'eValentin@tiscali.fr','[\"ROLE_USER\"]','$2y$13$60uEPNidtuuif5BjPoS6duT4.ODgpUEhT0Ivk4mX7M6a3eoiHzuKK','Zacharie','Benoit',NULL,NULL,NULL,0),(6,1,'Olivie07@orange.fr','[\"ROLE_USER\"]','$2y$13$NEXi4MwLFkenlIxAlpNOS.HpO1VPJOscDop3IN3f7eYPMc9aLLgOO','Luc','Fernandes',NULL,NULL,NULL,0),(7,1,'Celine.Couturier@hotmail.fr','[\"ROLE_USER\"]','$2y$13$4Maak63e3L0hVaszr5zpIuQtainiGwTic0usSlDPDUUU0xn8dGFrq','Hélène','Delahaye',NULL,NULL,NULL,0),(8,1,'Grenier.Bertrand@orange.fr','[\"ROLE_USER\"]','$2y$13$8Gc/fDtSDhOHDwwF5HJnIuLSk6jSrzbnw.fcCWn1vW0Wy9WmnYVxS','Marcelle','Pereira',NULL,NULL,NULL,0),(9,1,'pGuilbert@Ramos.com','[\"ROLE_USER\"]','$2y$13$/CLE9UjRCz7PnTVtosQVd.YDLnFq3qqNv9/jHXYVS9OgiH1WKeCbK','Nath','Lopez',NULL,NULL,NULL,0),(10,1,'jCourtois@Grondin.fr','[\"ROLE_USER\"]','$2y$13$swN7kkJBOKvEXOnYOI.GPuFXCgN2KNz6sycmiCVEWdyQp/ONfxbyS','Éric','Rousseau',NULL,NULL,NULL,0),(11,1,'Philippe45@Blanchard.com','[\"ROLE_USER\"]','$2y$13$i/6Ov.cYZUMQXKB49NeUpOW899a/voAKHxfsvEQLHYwpXEjh5PcSq','Timothée','Guilbert',NULL,NULL,NULL,0),(12,NULL,'Lefebvre.Martin@Clement.org','[\"ROLE_COACH\"]','$2y$13$OjY7xc2g7bGo0Krgd209xuxnANOxsP5z7.XHOx.7pEH8MEcuqpJX2','Élisabeth','Breton',NULL,NULL,NULL,0),(13,12,'Benoit29@Gaudin.fr','[\"ROLE_USER\"]','$2y$13$XIb3P7FUNC0fbdVNnazV/uL/V2lUBB0HL8tx3Ueajwhinc2QjbQZe','Gabriel','Martins',NULL,NULL,NULL,0),(14,12,'Gabriel.Pottier@Petit.com','[\"ROLE_USER\"]','$2y$13$rGv1ZP9SmgKxVhAF0gzOB.eRgVp825BdbWeJOssP7rwGAojuTGryC','Martin','Chretien',NULL,NULL,NULL,0),(15,12,'Lombard.Matthieu@hotmail.fr','[\"ROLE_USER\"]','$2y$13$fXwF9EjemlgzyNEcRDGY8uU.yrfY4jx7X7jMwDH9ljeKSZCeYYL66','Roland','Gimenez',NULL,NULL,NULL,0),(16,12,'Philippe44@Lopes.com','[\"ROLE_USER\"]','$2y$13$AP.c4gq5IWND9TeTCImRVe5vxU1klWjSZjMkyQjyt8Xz62DFyg/0C','Adèle','Guichard',NULL,NULL,NULL,0),(17,12,'Ruiz.Adelaide@Colas.org','[\"ROLE_USER\"]','$2y$13$tsG81KH6D1YHYl2f/r3T6.xx4aUs9AzoAHj0Q8mRyqjg.gHJHbCOm','Élise','Dufour',NULL,NULL,NULL,0),(18,12,'Olivier.Stephane@Couturier.org','[\"ROLE_USER\"]','$2y$13$EKue5Zq6QwcRAQ2tns14ie0bU4V8VJL8qt8A4cT5SBLiWmTzn3cSG','Bernard','Girard',NULL,NULL,NULL,0),(19,12,'Godard.Christine@free.fr','[\"ROLE_USER\"]','$2y$13$8ymIKDYnB2Cg/66Z//AqIukpRiepKHEYkbqB0.PL/e2ng21G6Bzce','Julien','Lebrun',NULL,NULL,NULL,0),(20,12,'Michel.Astrid@tiscali.fr','[\"ROLE_USER\"]','$2y$13$kBxnH0XAtUVdctXX3Ri0Z.7g07oLcKPkLDih.2MkA4QuS1O3sQUZG','David','Martins',NULL,NULL,NULL,0),(21,NULL,'Richard.Valette@wanadoo.fr','[\"ROLE_COACH\"]','$2y$13$EiKjb5mg7V/3s7ef8jW1J.d.IskfdKzzNTR6sj/LxgJa7YtkTuERm','Martin','Cousin',NULL,NULL,NULL,0),(22,21,'nCohen@live.com','[\"ROLE_USER\"]','$2y$13$jc1Evrh1ZYmPGNqPGhwlW.3FQyRjqpICvBmBRC1itanjyKMSbaLpm','Denise','Lefevre',NULL,NULL,NULL,0),(23,21,'Perret.David@Julien.fr','[\"ROLE_USER\"]','$2y$13$AB/iFbtfkDTUyqL6nJB4lehMcnHLah5DaINwqJ5aDY4RXnwLngOl6','Roger','Munoz',NULL,NULL,NULL,0),(24,21,'Astrid43@hotmail.fr','[\"ROLE_USER\"]','$2y$13$rdEJhr3E5pXPCDjtMGl8y.Y3tvAhu6XIEWMLxgXjGPjZPvt2X1mpy','Christiane','Lecoq',NULL,NULL,NULL,0),(25,21,'Mercier.Antoinette@Langlois.fr','[\"ROLE_USER\"]','$2y$13$qfHjLJsrUZoS8SSNh7Q2NepHDGcev8A6p1KmAFHkHFx5Dm.ftO4CK','André','Lelievre',NULL,NULL,NULL,0),(26,21,'rFernandes@Prevost.fr','[\"ROLE_USER\"]','$2y$13$0Ze1vevQKniVDeKchAf7YOAurrQlCBNH1bUTIVgMaA6e/OC0eh0a.','Arthur','Vallet',NULL,NULL,NULL,0),(27,21,'Louis.Legrand@Fleury.com','[\"ROLE_USER\"]','$2y$13$GJPwvNuVuE9HTK22KWgG1eedzQeTLvICBawI3gSBJBFjs6tSN7LbK','Agathe','Carre',NULL,NULL,NULL,0),(28,21,'Aurelie.Cordier@live.com','[\"ROLE_USER\"]','$2y$13$B3dWLGAvH6x778S1EYtd/OuMIR/FjAEAbHkpdYr95x0HV52diMccS','Marguerite','Moreno',NULL,NULL,NULL,0),(29,21,'Garnier.Adele@laposte.net','[\"ROLE_USER\"]','$2y$13$RDiGQ0aiZqEwAN.uedZeieacx5ECffhmmd94kn8QfVmksk1tCpT4e','Victor','Reynaud',NULL,NULL,NULL,0),(30,21,'oRousseau@club-internet.fr','[\"ROLE_USER\"]','$2y$13$eN9hSqNenRBt6nkktB7SruyqF181tVXWbimE.sTRu3PJt4jIgA4I6','Laurence','Laroche',NULL,NULL,NULL,0),(31,21,'Marechal.Renee@live.com','[\"ROLE_USER\"]','$2y$13$pXJE8GGj6fN8BVL0jVV3tu.qEMlfzDmUWhlU.UnyIM.YUz/JjRv4y','Aurélie','Petitjean',NULL,NULL,NULL,0),(32,21,'Collet.Jeanne@Lamy.com','[\"ROLE_USER\"]','$2y$13$LuCdnWSbFEWdgNLKRR5sdugBvwkD.l969zURkK/WVJ6kbA.qjfTQe','Émile','Leblanc',NULL,NULL,NULL,0),(33,21,'pVincent@laposte.net','[\"ROLE_USER\"]','$2y$13$3zPTWOkJYw8Lbp1JyM6Sd.RHA/J/9keD0M2wawoWA6NKeLzZXlM3K','Honoré','Turpin',NULL,NULL,NULL,0),(34,21,'Virginie.Leduc@Merle.com','[\"ROLE_USER\"]','$2y$13$HU9rjUdHN4i0t4rfv9.pQ.zR8vK7jTgu5cOqbAbDUd4/AVjIJNajS','Amélie','Coste',NULL,NULL,NULL,0),(35,21,'Martin.Philippe@tiscali.fr','[\"ROLE_USER\"]','$2y$13$MlGGVMuET..qwk4QIVgkXeby0m0ZqB2spRncCMtK59BN0JywiDnV2','Patricia','Ferrand',NULL,NULL,NULL,0),(36,21,'Theophile12@Laporte.fr','[\"ROLE_USER\"]','$2y$13$1YMutnQOE7KI3HsWjLTI3..LtaXWryZckjf5nXORgB8dBQH8Bki9e','Thomas','Roger',NULL,NULL,NULL,0),(37,21,'cVasseur@Pichon.com','[\"ROLE_USER\"]','$2y$13$2iP76XoIy9wNCqQui.2c0excIH30vOuwtMbRgpqzJaIKcNmTYkHBq','Paulette','Dupre',NULL,NULL,NULL,0),(38,21,'Benjamin50@Masse.net','[\"ROLE_USER\"]','$2y$13$ghjvl0XdH4pU9C9UH11M9eRXK6IjHtDxt5sYcIlI.0wLJsicFtdxW','Xavier','Besson',NULL,NULL,NULL,0),(39,21,'bChauvet@noos.fr','[\"ROLE_USER\"]','$2y$13$KW4E89u6dtV8pGH/VpFLOue0Hb8.WqP94MBjtqGO3plKw4GIIEv3K','Raymond','Briand',NULL,NULL,NULL,0),(40,21,'Penelope12@Samson.net','[\"ROLE_USER\"]','$2y$13$ZdLDI4kDV2g93mr36BLrfOhPsfDZ/WJDdUoQQjCMjEIa7ETNuU0ua','Guillaume','Marchand',NULL,NULL,NULL,0),(41,21,'Maurice95@free.fr','[\"ROLE_USER\"]','$2y$13$43xB1BBUehdkvOQqeA/BxutA0gwuO6tJIRLdVfFYnTjD4m4gXJoHa','Brigitte','Caron',NULL,NULL,NULL,0),(42,21,'yClement@tele2.fr','[\"ROLE_USER\"]','$2y$13$8Hb6B51NpCf.sSCqkpn8I.X1M/X0ktADdlpQl3HPSzXVd2wvM.AgO','Stéphanie','Boutin',NULL,NULL,NULL,0),(43,21,'Mathilde.Barthelemy@wanadoo.fr','[\"ROLE_USER\"]','$2y$13$A/cCqDxJTrzSaNgPEstdGe5e1Vxzc.ZuHMN/m.43OBJ285PnkevRC','Bernard','Prevost',NULL,NULL,NULL,0),(44,NULL,'Elisabeth.Rodrigues@Fleury.net','[\"ROLE_COACH\"]','$2y$13$iBRvPqqYxB5lhis/LYrLFObYitY0YSQeKkYm.JMPyVO6ZILU8VK2K','Olivier','Laporte',NULL,NULL,NULL,0),(45,44,'Leroux.Marianne@Dumas.com','[\"ROLE_USER\"]','$2y$13$s1LnflP6Uc4q1VTSbkImI.5xTs0xiNTwGzwUYEvPQHSGEMOvclawC','Catherine','Clement',NULL,NULL,NULL,0),(46,44,'Andre.DeOliveira@Robert.fr','[\"ROLE_USER\"]','$2y$13$Fhs9S91e5Tg5BXAveikz8.bual4m98VZxh5PdO4InELpq/xF5nn5O','Jeanne','Leroy',NULL,NULL,NULL,0),(47,44,'Tanguy.Elisabeth@Monnier.fr','[\"ROLE_USER\"]','$2y$13$UxkTfrAI/0jKNKKSMo3r2egoSVLjkBokFqoxJZmK1UHl0SakpuR8e','Antoine','Leclerc',NULL,NULL,NULL,0),(48,44,'Morel.Maggie@laposte.net','[\"ROLE_USER\"]','$2y$13$JKNkZIXqa/EMVA6tRQXVqOCoI12WTGLuMmm2Y8CuaE3OMiFubfhxK','Édith','Schneider',NULL,NULL,NULL,0),(49,44,'Roger.Lebon@voila.fr','[\"ROLE_USER\"]','$2y$13$UsxfGualsjA8eZbjlc0FBeF7F5nXK29C08LH2uzzEm1/P8tD80m.e','Valentine','Alves',NULL,NULL,NULL,0),(50,44,'sBlanchard@Rolland.com','[\"ROLE_USER\"]','$2y$13$kGBg0ueKXLgHge2rjM7UaePsKyO9F7PJhkrBTbWy6UoCQehQvuciC','François','Leblanc',NULL,NULL,NULL,0),(51,44,'Perez.Raymond@live.com','[\"ROLE_USER\"]','$2y$13$hNwCBAVw2HEcuBIY2dPtyemEFiUVPFgjVkjx14x.fDLc0Q84BCFdK','Antoinette','Ribeiro',NULL,NULL,NULL,0),(52,44,'sMarie@DeSousa.fr','[\"ROLE_USER\"]','$2y$13$4sbvryA7TBEtTa0zLY6ILefM2iBcxz5vzp1TGiadtm98aZTLShvGO','Suzanne','Navarro',NULL,NULL,NULL,0),(53,44,'Marthe62@ifrance.com','[\"ROLE_USER\"]','$2y$13$xcGx94ed1NOpVGilAWC4vupUtmPhBhG4WnDQwS5VZ782qbfTaq7m.','Alain','Martin',NULL,NULL,NULL,0),(54,44,'Josephine30@hotmail.fr','[\"ROLE_USER\"]','$2y$13$jIiEoKb6/DBSZ8IMAi.So.x65uPf2Nik8B41ZQknVqq3kUz8erX56','Patricia','Joubert',NULL,NULL,NULL,0),(55,44,'Gilbert42@Jean.fr','[\"ROLE_USER\"]','$2y$13$OD80ojN3bCGQVzxHyUkdH.w4O5BHfhH15X1gKDBy/13O.8k//M.pC','Alfred','Letellier',NULL,NULL,NULL,0),(56,44,'Arthur23@Evrard.net','[\"ROLE_USER\"]','$2y$13$bCbsOxl6dAyga6ECYMPEBumhSNBtSLZOQpFzIVZDuQNH0442dXnei','Nathalie','Gaudin',NULL,NULL,NULL,0),(57,44,'Anne16@Maillet.fr','[\"ROLE_USER\"]','$2y$13$X1p.gCUyD5jxLGy7sm4dZenpXEorLtl4zfQTUZkZEcwMi0DV6jUqO','Victoire','Coste',NULL,NULL,NULL,0),(58,NULL,'Georges.Rossi@laposte.net','[\"ROLE_COACH\"]','$2y$13$E8WZ0k.N3qLgPc0EKmhWL.EjYNEyBXfiwyp/X6xMiiZm5tKFwEP3y','Gérard','Bouvet',NULL,NULL,NULL,0),(59,58,'Texier.Charlotte@Gros.fr','[\"ROLE_USER\"]','$2y$13$aiqr8/BqM62l4PkxCH3aL.GA3X/c2dZXflNw98wzz2jr0em2SwOna','Zacharie','Fontaine',NULL,NULL,NULL,0),(60,58,'Hamon.Amelie@Legendre.com','[\"ROLE_USER\"]','$2y$13$Pvdd9wSs3tNlt0X6rM0DAu3I9ij69lRtcBjvwsZfpT1I3OQZiR9uK','Guy','Lefevre',NULL,NULL,NULL,0),(61,58,'Sophie95@Benard.fr','[\"ROLE_USER\"]','$2y$13$C7GQW8pLMb9/dNlHY3XZh.3V2MaGmDjrFuCChZfDMiuiHnCAh4IKa','Paul','Brun',NULL,NULL,NULL,0),(62,58,'Merle.Roger@DosSantos.com','[\"ROLE_USER\"]','$2y$13$qcHOde1d27c0dzyRlunifuQcnFhmBmqQ/Ehrk8goufPulRMpVi3iS','Jules','Breton',NULL,NULL,NULL,0),(63,58,'Hoareau.Remy@Barbier.fr','[\"ROLE_USER\"]','$2y$13$TRremfuMiWMEWhOwujpSOOR57/JN2EpUPyBty7voJNipsAYWZZtIO','Antoine','Faivre',NULL,NULL,NULL,0),(64,58,'Frederique76@hotmail.fr','[\"ROLE_USER\"]','$2y$13$R/NDWswO1tDGAegX6oM1tuYnEVrAqm/oLVv89w72rcfmsRlJRpXvO','Audrey','Boulay',NULL,NULL,NULL,0),(65,58,'Adelaide.Bouchet@hotmail.fr','[\"ROLE_USER\"]','$2y$13$GHsGQhbuiDrxha1Ns.QhI.xnEmPb7dxan60G0xvXeE7HzfUozAMyC','Dominique','Laporte',NULL,NULL,NULL,0),(66,58,'oGilles@Laine.com','[\"ROLE_USER\"]','$2y$13$gB1LYaRIuaIQxx6lFiceQO/PrgWYkB9.YkMOPnOTSLQ7DvPv2XmwO','Élise','Salmon',NULL,NULL,NULL,0),(67,58,'Chantal.Richard@dbmail.com','[\"ROLE_USER\"]','$2y$13$5gw4uGwedClFk6Bu4Xp9tO3Ea5S9aQBC1aZ9QhdxfmBsi.ukz3bIu','Théophile','Ribeiro',NULL,NULL,NULL,0),(68,58,'iPerret@live.com','[\"ROLE_USER\"]','$2y$13$EjEgsyllWGkRWGzeu83rUefhTrOhTPxgoi6EJHPZb8CWtHfnTrrZO','Nathalie','Cohen',NULL,NULL,NULL,0),(69,58,'Chevallier.Antoine@dbmail.com','[\"ROLE_USER\"]','$2y$13$yschc36npQW7mHHBnrjHGeWZhhYQ1hKxnMS.WhVfO6jrKVB7TKjZC','Pénélope','Tessier',NULL,NULL,NULL,0),(70,58,'Denise.Herve@dbmail.com','[\"ROLE_USER\"]','$2y$13$k6DUjlwi/XZKBW/gNNxw3e7kScf7QXpBqwIxFpa.QXSl4Yc4DcOMq','Benoît','Picard',NULL,NULL,NULL,0),(71,NULL,'Aime54@Morvan.fr','[\"ROLE_COACH\"]','$2y$13$9oAIJ8EgRn52n.Q/H/JO2eIUjwyDlLvppTczYKiInjCUN8NoPZibq','Bernadette','Fischer',NULL,NULL,NULL,0),(72,71,'Alain31@Bonneau.net','[\"ROLE_USER\"]','$2y$13$rYeaoG4/GamfbR8f76iswuSs0xusS.kDljZ4tqHnqluO1B89fBTq2','Céline','Dubois',NULL,NULL,NULL,0),(73,71,'William31@free.fr','[\"ROLE_USER\"]','$2y$13$c4L0VrT2PIhO4VVbyaxgzumXy/7fq1/zCmJy1rWIDEItcR6DGXh5i','Luc','Reynaud',NULL,NULL,NULL,0),(74,71,'Maurice78@Lefort.com','[\"ROLE_USER\"]','$2y$13$boMuff1eY.2k.r68/9i0se9mBt7uxAXye7070M0IVz1GkYCm8MHZO','René','Lemaitre',NULL,NULL,NULL,0),(75,71,'Chantal.Lebon@Ferreira.org','[\"ROLE_USER\"]','$2y$13$HnaCuBfUdsH/AlVq6obB3enhB6CFl1IJ2JAqW6253uZQQwm8pCj8m','Émile','Gomes',NULL,NULL,NULL,0),(76,71,'eLetellier@orange.fr','[\"ROLE_USER\"]','$2y$13$pxrucS/xSq40DG0pn8RSPexW4/Cl.FZBiOzBMj2Zes2OMkxO3ee.O','Tristan','Lebreton',NULL,NULL,NULL,0),(77,71,'Nathalie.Maillet@Brun.com','[\"ROLE_USER\"]','$2y$13$dCYli6j2/DEft0NhyTIkl.9/bpteL9JpASdmK9HeGO4MW6M8yRHwi','Marie','Costa',NULL,NULL,NULL,0),(78,71,'Maurice.Adam@Dumas.com','[\"ROLE_USER\"]','$2y$13$Rvq4To96G3fWaDb66KvubOXIJqytKNg38vZ9pkzgkNWGk9V8lWI86','Colette','Blanchard',NULL,NULL,NULL,0),(79,71,'kGros@orange.fr','[\"ROLE_USER\"]','$2y$13$WbEH4qw9q7ik0EW09Bq9Wu5mNmnXOkdQbqgoVWpUNrgYZ5SgYhSrC','Michelle','Ramos',NULL,NULL,NULL,0),(80,71,'sPoirier@Hubert.org','[\"ROLE_USER\"]','$2y$13$jTFRGSmszSO09njFE2zDt.xQNk6gXmVKEfiWkQtsv8SiHPeyzbgTC','Sébastien','Richard',NULL,NULL,NULL,0),(81,71,'Auguste.Fleury@Lelievre.org','[\"ROLE_USER\"]','$2y$13$3RAoW18dAUB5xBMRtcd9A.QAAPJ1OTFuhPpPOm/gx90I4xo3FaMy.','Michelle','Bonneau',NULL,NULL,NULL,0),(82,71,'Dominique.Lemaire@Jourdan.net','[\"ROLE_USER\"]','$2y$13$4Qf1dRxdXoWNmwOlEPuOiOmuzg.yg0Cm1ATCvz5YPjXAZINmkWCsG','Michel','Etienne',NULL,NULL,NULL,0),(83,71,'Martine.Boucher@Marion.net','[\"ROLE_USER\"]','$2y$13$LYLFGTv4FvBpjupMIDNrW.NYDjrhXjxwuCUf1Qnhe9TphbLBCD33u','Michel','Bertrand',NULL,NULL,NULL,0),(84,NULL,'Roussel.Jules@Lejeune.fr','[\"ROLE_COACH\"]','$2y$13$Lt0GsVUa9RMIAk/a4GyPbuLUEWSawNS1nguD0vMRaUQC8QlZb9fc.','Noémi','Tessier',NULL,NULL,NULL,0),(85,84,'Lucie.Techer@Paris.com','[\"ROLE_USER\"]','$2y$13$l.8fVbOYN3XIuDrReBIaguMqGhhPd6ZcyDjE2skAkEkHMYIYZUhMC','Augustin','Tanguy',NULL,NULL,NULL,0),(86,84,'Louise.Pelletier@Muller.com','[\"ROLE_USER\"]','$2y$13$9SWaKGWntH34/j21iV00o.umLUS3f8maaYYSi1gfC27a4xW568mGi','Chantal','Poulain',NULL,NULL,NULL,0),(87,84,'Laurence03@hotmail.fr','[\"ROLE_USER\"]','$2y$13$prx2MAwQNtjem24LmIH1P.Wu8uw6VUbKFR3GjWvEUJ8egeoEQlpxe','Pauline','Godard',NULL,NULL,NULL,0),(88,84,'sPages@Nicolas.fr','[\"ROLE_USER\"]','$2y$13$fCLMVlk8jQ3sqLVgKST/A.Co0AmKEuJ5KJ6dtpx65674OO5X41nne','Isabelle','Lebreton',NULL,NULL,NULL,0),(89,84,'mLambert@noos.fr','[\"ROLE_USER\"]','$2y$13$J29bn3w8R4mRtlTGYpMDZuBKWulIb2OuMlnto3zNbVgocS4G4g7qe','Dominique','Goncalves',NULL,NULL,NULL,0),(90,84,'bPelletier@Louis.com','[\"ROLE_USER\"]','$2y$13$OvUIfxP3S6YAFpFRQsVsneugBqgl5WsO9RDYnF/dVdwlyS6KtIaeK','Franck','Carre',NULL,NULL,NULL,0),(91,84,'qFaivre@Gerard.org','[\"ROLE_USER\"]','$2y$13$C0XVG0OyxJ3.3nQz2DnBIOj8Kdeiq905Wvnmt3IZY0s.vXXRZAcju','Marcelle','Leclerc',NULL,NULL,NULL,0),(92,84,'Yves.Sanchez@Perret.fr','[\"ROLE_USER\"]','$2y$13$PG9Ex4xisD4B4.uTniz8iO1W1iz1oMfmN5MuSqtSgBOaVSjLjXSxa','Augustin','Collet',NULL,NULL,NULL,0),(93,84,'Rousset.Helene@Leleu.net','[\"ROLE_USER\"]','$2y$13$mrlDUX4R6SrOhejVHM39Y.qEKOI0oYawu51Nl0QBihpqGfs4EOQUC','Noémi','Lacroix',NULL,NULL,NULL,0),(94,84,'Becker.Louis@sfr.fr','[\"ROLE_USER\"]','$2y$13$WEIPP61PQzL5IMa4e3DSROe7rZkwJfszQK8azTQLgoyHShKcvXFB.','Emmanuel','Giraud',NULL,NULL,NULL,0),(95,84,'uClement@Garnier.com','[\"ROLE_USER\"]','$2y$13$HzE9LUBmh/G3SXlzRYkDx.X/X2gTLwg9V0VEVpo.J4PhE2T3v6b/C','Grégoire','Jean',NULL,NULL,NULL,0),(96,84,'Susanne95@DeOliveira.fr','[\"ROLE_USER\"]','$2y$13$9eF6eQi.BKAM4oZ4FxcIgOYX/ltklQ3XMfAacxwJ1zRuYHcfkDnAq','Marianne','Barthelemy',NULL,NULL,NULL,0),(97,84,'tMoulin@Petitjean.com','[\"ROLE_USER\"]','$2y$13$lXLvCUP5h5pSdSJiimts1u12uk8DbLfTDo3MDR5kcwwrLKL5pfS/i','Adrien','Descamps',NULL,NULL,NULL,0),(98,84,'nGuilbert@dbmail.com','[\"ROLE_USER\"]','$2y$13$/vQTC4n8FC0h9.0z3MbOPuAMNTIyiqN8YfnO9xLHvM3Ojg9ckfKeG','Victoire','Regnier',NULL,NULL,NULL,0),(99,84,'Fontaine.David@orange.fr','[\"ROLE_USER\"]','$2y$13$vwduQPEGnoy4FGQAg2o3deqcfk2wPEQRQMb7Rjy24JnQu7WwykhYm','Patricia','Collin',NULL,NULL,NULL,0),(100,NULL,'Dijoux.Laurent@laposte.net','[\"ROLE_COACH\"]','$2y$13$hitedGKu3g8Q8K32H9TvUey7X61v3M28aKLmY3R0uVAL9S38EEtqy','Catherine','Lejeune',NULL,NULL,NULL,0),(101,100,'Agnes80@hotmail.fr','[\"ROLE_USER\"]','$2y$13$YHQF3WROQmzGtPV/HZ5LJ.dhnI6vCwWfd1wAfkwCbUCRk3l9YkrJ.','Édith','Peron',NULL,NULL,NULL,0),(102,100,'Emile52@ifrance.com','[\"ROLE_USER\"]','$2y$13$91snrRYmC9av4bpPMoUzA.YC2BZBYieVN.rDyLRPwViq35Um9gbUm','Laurent','Marchal',NULL,NULL,NULL,0),(103,100,'Monique53@Jean.org','[\"ROLE_USER\"]','$2y$13$ZWk1rzjyns3KV0PVsbsrku7wlCqiFh/dF0bZQyRtoNKl7t.azUz8S','Thierry','Fontaine',NULL,NULL,NULL,0),(104,100,'Adele.Hoarau@Delaunay.fr','[\"ROLE_USER\"]','$2y$13$fcrJfEB82ZfWTFqIXuzA5OaZ0NPmMW.DmbVPWlkRYSY9A/8KBWEeq','Jeanne','Potier',NULL,NULL,NULL,0),(105,100,'Elise.Lemonnier@orange.fr','[\"ROLE_USER\"]','$2y$13$9XHOGjNxraV0gTTgbLctye7KtHKtLOdAGX.MAyVl7C08u9Ydw8qle','Arnaude','Bonnet',NULL,NULL,NULL,0),(106,100,'Matthieu05@Berthelot.fr','[\"ROLE_USER\"]','$2y$13$5cpROIunpU8/e/UDNDYzauWcP1XMJUed4rl6YE73GXbGK4GkM5zU2','Marthe','Pierre',NULL,NULL,NULL,0),(107,100,'Marcelle.Payet@tele2.fr','[\"ROLE_USER\"]','$2y$13$qDnaUhWpqoAf8rd4piuSsuMuoSYsQQKhSEOkGzBpZMoDJxKXOPPBW','Denis','Le Gall',NULL,NULL,NULL,0),(108,100,'Robert.Muller@orange.fr','[\"ROLE_USER\"]','$2y$13$ZM5pPpy9GBCwwAF6xi4X4eNW2DoieTHXpKy340p9sCKQvfEMvU0Qi','Stéphane','Hoarau',NULL,NULL,NULL,0),(109,100,'aMichaud@tiscali.fr','[\"ROLE_USER\"]','$2y$13$OCY8.rVbMMG12EXwal755elNfHdGOhHWgsq9V6MHQ7fEBHeDQCXYi','Nicolas','Roche',NULL,NULL,NULL,0),(110,100,'Arnaud.Ines@Meyer.org','[\"ROLE_USER\"]','$2y$13$fbsayxo/3fpPiAB7blzoUug2p6HkkdkGAjEsmGq8fVhTVwoJx/HoS','Nath','Julien',NULL,NULL,NULL,0),(111,100,'Leleu.Sophie@live.com','[\"ROLE_USER\"]','$2y$13$hD6bEZvsfl9eRin2n8Oiq.56Z/TszchdfrqoPzlyiUUAHJGD6WZ5W','Élisabeth','Tessier',NULL,NULL,NULL,0),(112,100,'Susan38@Guilbert.com','[\"ROLE_USER\"]','$2y$13$N4cPOIYOjiB9RTXNu39ebOOlIHDo1Vyy3cLqGp9lBM1MkjpVWYaIO','Guillaume','Regnier',NULL,NULL,NULL,0),(113,100,'Ledoux.Luc@Ollivier.fr','[\"ROLE_USER\"]','$2y$13$LWWngtoYtVUJJxF0zC4A8evpz9UgO67aBpehhB4b3wQmOxGfrUXB.','Joseph','Caron',NULL,NULL,NULL,0),(114,100,'jBreton@yahoo.fr','[\"ROLE_USER\"]','$2y$13$VL1Y3HdFUytk9FfTyf4XEeetemjWyUGZHIs6p7zFzfDW8lnN1bbX.','Jacques','Bousquet',NULL,NULL,NULL,0),(115,100,'Adrienne99@Gosselin.com','[\"ROLE_USER\"]','$2y$13$LVhUtg5ag8Q/voTiuIFaBOCoQBGrMfRUtAAevC/rdzssv2Us7hDp.','Andrée','Gosselin',NULL,NULL,NULL,0),(116,100,'Edith.Hamel@Guilbert.com','[\"ROLE_USER\"]','$2y$13$.v8rEfEzGd7ZNCDtVsx5s.IM7tSKh6iUIlifURrVJAl7nUTLdYk1e','Gabrielle','Weiss',NULL,NULL,NULL,0),(117,100,'mCollet@Gilbert.com','[\"ROLE_USER\"]','$2y$13$hrPK6EfkG54wYq6lxYi2xORxMGa1ncrf9FUZ4awNJ7Mo6me8sctbC','Antoine','Pineau',NULL,NULL,NULL,0),(118,100,'Lebon.Louis@Antoine.fr','[\"ROLE_USER\"]','$2y$13$krH59kRpuBDURKMPsPEPtujug8/6y8y.bk0HHeym5jot4TsyewRUe','Valérie','Hoarau',NULL,NULL,NULL,0),(119,NULL,'kLopes@sfr.fr','[\"ROLE_COACH\"]','$2y$13$PER8PspGKvIi6g2l.hrEK.Ln.KOIHThKN.WrQ7cSQgEOnqTRvMvmi','Richard','Devaux',NULL,NULL,NULL,0),(120,119,'Robert.Maurice@gmail.com','[\"ROLE_USER\"]','$2y$13$TMgFuW8pqRl8/uBdjYQu/OXSP6AsXcy9C3zzCo5ahaLrZmEGvcsTi','Alexandria','Bonnin',NULL,NULL,NULL,0),(121,119,'lPetit@Blot.com','[\"ROLE_USER\"]','$2y$13$UZZ0GPdTIdt/1PZpQk7lYu1E9UaPRphXJ8PvtvBv/qQQdQIaUCFf6','Roland','Rocher',NULL,NULL,NULL,0),(122,119,'gLevy@Boulay.fr','[\"ROLE_USER\"]','$2y$13$dIAUiIaLYi2VtRAL9tdnI.EhRxKNbEgEuxq9xb3PGgQHdKTB7Zs06','Alice','Chartier',NULL,NULL,NULL,0),(123,119,'uHernandez@sfr.fr','[\"ROLE_USER\"]','$2y$13$u7YyGRn038P4vb90mlXjQeeXxnXtqnNbvP1L/z.G2mY5cgb5J20MC','René','Carlier',NULL,NULL,NULL,0),(124,119,'Lamy.Alfred@Barbe.fr','[\"ROLE_USER\"]','$2y$13$3yYjqnip8w/OJo0rGwwvk.6ikJF/lME0msbcXUe7S7QFEB2b7Wgim','Anastasie','Guillon',NULL,NULL,NULL,0),(125,119,'Nath77@Devaux.fr','[\"ROLE_USER\"]','$2y$13$UAoPDn9Ajx2qCSNOsidYAe6tXzeD8P8ph68bcGdOPCG9cEpBP7RxO','Jeannine','Benard',NULL,NULL,NULL,0),(126,119,'hThierry@sfr.fr','[\"ROLE_USER\"]','$2y$13$ojPBcB349KawoiDISvX7yeaeu.xRvaPbc864lTCjI/bKLooB7HfUK','Adrien','Gregoire',NULL,NULL,NULL,0),(127,119,'Guibert.Hugues@Poulain.net','[\"ROLE_USER\"]','$2y$13$XXp0NBiKR2BhU.1K6Czpmuo0.oOnF55v3eFDyv7Y/j.Z5ftWLkZMq','Théophile','Salmon',NULL,NULL,NULL,0),(128,119,'Aimee78@tiscali.fr','[\"ROLE_USER\"]','$2y$13$ecXI9ofjXE53.b6K1qhSBejtT5eVraPHlkhDJ1u2rBBCSONuj51sa','Christine','Vincent',NULL,NULL,NULL,0),(129,119,'Paris.Christelle@Barre.net','[\"ROLE_USER\"]','$2y$13$ud9eyUBSUx5gn59nN/a1KOvQY9/KPAx.lMmQFaax4fxcmN8iuoy9W','Clémence','Lebon',NULL,NULL,NULL,0),(130,119,'kRodriguez@Albert.com','[\"ROLE_USER\"]','$2y$13$4g3UFJGKD6wk8emMz4ehYOChLZi44OIy3pggmgxy0F9y0e86Af9ba','Alain','Rocher',NULL,NULL,NULL,0),(131,119,'Hardy.Guillaume@yahoo.fr','[\"ROLE_USER\"]','$2y$13$i7teEyUeJTVrca7U398Cv.ItJVDQ0IOtW8lIYAtCflhkT.KLHZVyq','Margaud','Dias',NULL,NULL,NULL,0),(132,119,'Vincent.David@dbmail.com','[\"ROLE_USER\"]','$2y$13$mg7FPN/qThG/axKv8R23web2Xjwt6bm51V3QuPW0TY8ACIVCl1m7q','Vincent','Leclercq',NULL,NULL,NULL,0),(133,119,'hPrevost@Roux.fr','[\"ROLE_USER\"]','$2y$13$5GaDK1CDcLAiCB39Htek4OitivYdqxXW023n3VXM8wZSAnBu8Xpyq','Astrid','Vallee',NULL,NULL,NULL,0),(134,NULL,'Guy09@bouygtel.fr','[\"ROLE_COACH\"]','$2y$13$.I4p6jeFcQelAHp.pH.Pg.pQ/qGoW0EL9sfyqGxTOrbsBjHNer.Sa','Marthe','Brunet',NULL,NULL,NULL,0),(135,134,'aAuger@wanadoo.fr','[\"ROLE_USER\"]','$2y$13$6MsVIOIljhACa6eQXJNI1.Irs0zEyxp.EfucNMzf/hSPyaJUnFt2m','Guy','Coulon',NULL,NULL,NULL,0),(136,134,'nCohen@laposte.net','[\"ROLE_USER\"]','$2y$13$utpyCQ70XAf7ck5N60dOE.4xKwqRgnDRIxSmWTeWuzHKjzbBfZFaO','Jeanne','Poulain',NULL,NULL,NULL,0),(137,134,'Antoine95@wanadoo.fr','[\"ROLE_USER\"]','$2y$13$8MrsR85452GsGbxY/ZRZ7.KN6UOJjRpN3vn3sSgPn.jHUS8b0QNSO','Maggie','Grondin',NULL,NULL,NULL,0),(138,134,'Anastasie94@club-internet.fr','[\"ROLE_USER\"]','$2y$13$cwsOOY6MwgAFfxGiP9/OX.e2VAA8GP/Qg7Usv011rgClvjzE.iXDu','Thérèse','Moreno',NULL,NULL,NULL,0),(139,134,'kGonzalez@live.com','[\"ROLE_USER\"]','$2y$13$yQw2PAM3WghEl/ftIES7cuTBGjPiA8lWMvWzt0Q/ZEBpzersHtQX.','Michel','Pierre',NULL,NULL,NULL,0),(140,134,'eChevalier@Guilbert.fr','[\"ROLE_USER\"]','$2y$13$Ok5YD75l1ZM2DJ0QQV7PG.393o8ZmCZuWXvi9Y8OI8J8QEAOt53Pu','Océane','Carre',NULL,NULL,NULL,0),(141,134,'sBuisson@Chevalier.net','[\"ROLE_USER\"]','$2y$13$E4dEMt4JbkUq0Io7LaJnHeZ4rmSkB92foiqDzE69HUAEp52wbexA6','Olivier','Guilbert',NULL,NULL,NULL,0),(142,134,'Charlotte55@Michaud.com','[\"ROLE_USER\"]','$2y$13$6KYaELv4/Wm/dGV9sHetReB0wT1OjwVqROsTBEz3s7YGupKy112ZC','Joseph','Leveque',NULL,NULL,NULL,0),(143,134,'Pires.Tristan@yahoo.fr','[\"ROLE_USER\"]','$2y$13$99POM52stTderLvGzoN6Ie5UuvZSmhYZ05GX2JkZiXYPKarClFDda','Thierry','Gregoire',NULL,NULL,NULL,0),(144,134,'Nathalie.Hubert@wanadoo.fr','[\"ROLE_USER\"]','$2y$13$jFOnyS7NWWCNBlOjQ6rOwuhaawFV5lbETC0mYjX87T/SM.8oBqIMm','Théodore','Laine',NULL,NULL,NULL,0),(145,134,'Gregoire.Cordier@Peltier.com','[\"ROLE_USER\"]','$2y$13$5V8WoQB4iyrV7jYjlDlnbe6lxEv18TxrXj.qV8FuZ0F9yjBmHkd3i','Gabriel','Hamel',NULL,NULL,NULL,0),(146,134,'Tanguy.Margot@dbmail.com','[\"ROLE_USER\"]','$2y$13$qTWkbUtGeIryPQ2ipY.D/./y.xCP6lvJ/gA7wkWmtQkvWb3FGu5hO','Vincent','Leblanc',NULL,NULL,NULL,0),(147,134,'cColas@Legendre.org','[\"ROLE_USER\"]','$2y$13$zyuYsu9KdKyM1flZAain3OZAQFd5oEjPv.fvtYQWrdC8JqQlIb9Eu','Amélie','Gomez',NULL,NULL,NULL,0),(148,134,'David.Pichon@tiscali.fr','[\"ROLE_USER\"]','$2y$13$WThpuJidsms1VbLhKU3f0.IeBdDyCJ9Ya/gPUdt5VbBn6eFHoyAVy','Émile','Coulon',NULL,NULL,NULL,0),(149,134,'uJacquet@Antoine.fr','[\"ROLE_USER\"]','$2y$13$JyQOVja9nN5VfhT9xgMqwu2/Ueq6dg7yFMBKfrRWJPCYoq1Ady5JS','Martine','Guyot',NULL,NULL,NULL,0),(150,134,'dLegendre@Techer.com','[\"ROLE_USER\"]','$2y$13$6Ew.3WDMo5UGsronJQqnqeYxLDYSrMYjMeK/m.9D03LpARE3fVY1C','Lorraine','Gomes',NULL,NULL,NULL,0),(151,134,'yGros@laposte.net','[\"ROLE_USER\"]','$2y$13$OHDdsHvF8vr9hOa3SJbPue01X/EyxAHbtnHV6gI9vrJfJoMhxhH5O','Georges','Gonzalez',NULL,NULL,NULL,0),(152,134,'oPetitjean@club-internet.fr','[\"ROLE_USER\"]','$2y$13$1TNR7Sw/uyRJk.IcBmPEIOTywZyCpypE425YD5YR4vjBqFZXk7Qdu','Laure','Chartier',NULL,NULL,NULL,0),(153,134,'Auguste62@Perrier.net','[\"ROLE_USER\"]','$2y$13$5Ro/GMJI89Cuu9wfdhU4Pe0.dKnHpQfXV3O/oiTGCfhyUX1QKkIWi','Marine','Diallo',NULL,NULL,NULL,0),(154,134,'Paris.Jacques@Rousset.org','[\"ROLE_USER\"]','$2y$13$Y64njQvFpX/hJYgXPhuzDenSa.Q2jQKRykXgMJJP3OJe6x0bflMjy','Thérèse','Bertrand',NULL,NULL,NULL,0),(155,134,'uBoucher@sfr.fr','[\"ROLE_USER\"]','$2y$13$4RcIv59FkTLl3fvJ8zw/NONMWp/OW1r8l/RbePF/74f7ZxO6dsOuq','Thibault','Albert',NULL,NULL,NULL,0),(159,NULL,'test@test.com','[\"ROLE_USER\"]','$2y$13$9EN8SVLcBb/zkbXC.SopMO5DcftXzH5OPWafCWch2KDFNe.3POTZe','Adrien','Christophe',NULL,NULL,NULL,0),(160,NULL,'sostylefashion@hotmail.fr','[\"ROLE_USER\"]','$2y$13$emuADH6utYEkXivU2d2EAe8tNsprBfcyXR7opSzICz8dWyyzyKzyC','Adrien','Christophe',NULL,NULL,NULL,0),(169,NULL,'test1@test.com','[\"ROLE_COACH\"]','$2y$13$UW3fclvahSG4iHEmorWabuvi4N7SNee2GL5hh64NYSEkYG0E.eZQO','test','test',NULL,NULL,NULL,0),(170,NULL,'test3@test.com','[\"ROLE_USER\"]','$2y$13$ejGl/jzDlzjAOsw.5bVdKeam2V/jQKnExJkTShqOC3FkFQaKdiaY2','test3','test3',NULL,NULL,NULL,0),(171,NULL,'test4@test.com','[\"ROLE_COACH\"]','$2y$13$qrTJ0.3J7fTkx.eKdodkSORDVQI0sH18ZcsjFs7.Nid.ucTUO6uMK','test4','test4',NULL,NULL,NULL,0),(172,NULL,'test5@test.com','[\"ROLE_USER\"]','$2y$13$CZhlrJGj8.X.pxTFXv996ON/x3GsCglBZ1cQEd.MLrkgWKNIRZOz.','test5','test5',NULL,NULL,NULL,0),(173,NULL,'test6@test.com','[\"ROLE_COACH\"]','$2y$13$.tS2haRy3UlYpP5.DwpKDOUxtkabKPtLrIgNzTGRg7iptXvjujPSi','test6','test6','53d6e1f5-4b2d-4ee5-bdb0-00ed214abb8e',NULL,NULL,0),(174,NULL,'test7@test.com','[\"ROLE_COACH\"]','$2y$13$QmpbHAnsUjo.pCpYDaZlweDyMW.fk9Mbc7OEGCGXtonFXUJqmSDQq','test7','test7','2f64cf71-b3ac-4f33-985d-66922242372a',NULL,NULL,0),(175,NULL,'tes8@test.com','[\"ROLE_COACH\"]','$2y$13$jEGBDiSA2EJ4gG8G/Eg0AOZ7yM5YV0btUxRGU4YUticlfJBS8cdWq','tes8','tes8','5358662f-66b9-405b-a0a2-79fcecc52ff0',NULL,NULL,0),(232,NULL,'tesssst@tessst.com','[\"ROLE_USER\"]','$2y$13$kJksduRng3Tsy81sx4HS9OTq94CYMWAQdKXkQSWFQUorEqC1bCnPi','tessst','tessst',NULL,NULL,NULL,0),(260,NULL,'adriChristophe@gmail.com','[\"ROLE_COACH\"]','$2y$13$/Ga8DHu3r6qaMS8f0.E4R.JCU4xVDrPexfquT.VwabWXSofTkv6Zq','Adrien','Christophe','90182137-abe6-45dc-891f-c179869af6f8','97024df8d763d9eafc2aa30bceaa3ea6595363911d746e133bf7f5b891d865f1','2023-04-13 12:35:29',1);
/*!40000 ALTER TABLE `user` ENABLE KEYS */;
UNLOCK TABLES;

--
-- Table structure for table `workout`
--

DROP TABLE IF EXISTS `workout`;
/*!40101 SET @saved_cs_client     = @@character_set_client */;
/*!50503 SET character_set_client = utf8mb4 */;
CREATE TABLE `workout` (
  `id` int NOT NULL AUTO_INCREMENT,
  `nom` varchar(255) COLLATE utf8mb4_unicode_ci DEFAULT NULL,
  PRIMARY KEY (`id`)
) ENGINE=InnoDB DEFAULT CHARSET=utf8mb4 COLLATE=utf8mb4_unicode_ci;
/*!40101 SET character_set_client = @saved_cs_client */;

--
-- Dumping data for table `workout`
--

LOCK TABLES `workout` WRITE;
/*!40000 ALTER TABLE `workout` DISABLE KEYS */;
/*!40000 ALTER TABLE `workout` ENABLE KEYS */;
UNLOCK TABLES;

--
-- Table structure for table `workout_exercises`
--

DROP TABLE IF EXISTS `workout_exercises`;
/*!40101 SET @saved_cs_client     = @@character_set_client */;
/*!50503 SET character_set_client = utf8mb4 */;
CREATE TABLE `workout_exercises` (
  `workout_id` int NOT NULL,
  `exercise_id` int DEFAULT NULL,
  PRIMARY KEY (`workout_id`),
  KEY `IDX_2D7B2EC5E934951A` (`exercise_id`),
  CONSTRAINT `FK_2D7B2EC5A6CCCFC9` FOREIGN KEY (`workout_id`) REFERENCES `workout` (`id`),
  CONSTRAINT `FK_2D7B2EC5E934951A` FOREIGN KEY (`exercise_id`) REFERENCES `exercises` (`id`)
) ENGINE=InnoDB DEFAULT CHARSET=utf8mb4 COLLATE=utf8mb4_unicode_ci;
/*!40101 SET character_set_client = @saved_cs_client */;

--
-- Dumping data for table `workout_exercises`
--

LOCK TABLES `workout_exercises` WRITE;
/*!40000 ALTER TABLE `workout_exercises` DISABLE KEYS */;
/*!40000 ALTER TABLE `workout_exercises` ENABLE KEYS */;
UNLOCK TABLES;
/*!40103 SET TIME_ZONE=@OLD_TIME_ZONE */;

/*!40101 SET SQL_MODE=@OLD_SQL_MODE */;
/*!40014 SET FOREIGN_KEY_CHECKS=@OLD_FOREIGN_KEY_CHECKS */;
/*!40014 SET UNIQUE_CHECKS=@OLD_UNIQUE_CHECKS */;
/*!40101 SET CHARACTER_SET_CLIENT=@OLD_CHARACTER_SET_CLIENT */;
/*!40101 SET CHARACTER_SET_RESULTS=@OLD_CHARACTER_SET_RESULTS */;
/*!40101 SET COLLATION_CONNECTION=@OLD_COLLATION_CONNECTION */;
/*!40111 SET SQL_NOTES=@OLD_SQL_NOTES */;

-- Dump completed on 2023-04-20 15:25:12
