-- MySQL dump 10.13  Distrib 8.0.31, for Linux (x86_64)
--
-- Host: localhost    Database: gymfittest
-- ------------------------------------------------------
-- Server version	8.0.31

/*!40101 SET @OLD_CHARACTER_SET_CLIENT=@@CHARACTER_SET_CLIENT */;
/*!40101 SET @OLD_CHARACTER_SET_RESULTS=@@CHARACTER_SET_RESULTS */;
/*!40101 SET @OLD_COLLATION_CONNECTION=@@COLLATION_CONNECTION */;
/*!50503 SET NAMES utf8mb4 */;
/*!40103 SET @OLD_TIME_ZONE=@@TIME_ZONE */;
/*!40103 SET TIME_ZONE='+00:00' */;
/*!40014 SET @OLD_UNIQUE_CHECKS=@@UNIQUE_CHECKS, UNIQUE_CHECKS=0 */;
/*!40014 SET @OLD_FOREIGN_KEY_CHECKS=@@FOREIGN_KEY_CHECKS, FOREIGN_KEY_CHECKS=0 */;
/*!40101 SET @OLD_SQL_MODE=@@SQL_MODE, SQL_MODE='NO_AUTO_VALUE_ON_ZERO' */;
/*!40111 SET @OLD_SQL_NOTES=@@SQL_NOTES, SQL_NOTES=0 */;

--
-- Table structure for table `availabilities`
--

DROP TABLE IF EXISTS `availabilities`;
/*!40101 SET @saved_cs_client     = @@character_set_client */;
/*!50503 SET character_set_client = utf8mb4 */;
CREATE TABLE `availabilities` (
  `id` int NOT NULL AUTO_INCREMENT,
  `coach_id` int DEFAULT NULL,
  `start_rdv` datetime NOT NULL COMMENT '(DC2Type:datetime_immutable)',
  `end_rdv` datetime NOT NULL COMMENT '(DC2Type:datetime_immutable)',
  `is_booked` tinyint(1) NOT NULL,
  PRIMARY KEY (`id`),
  KEY `IDX_D7FC41EF3C105691` (`coach_id`),
  CONSTRAINT `FK_D7FC41EF3C105691` FOREIGN KEY (`coach_id`) REFERENCES `coach` (`id`)
) ENGINE=InnoDB AUTO_INCREMENT=51 DEFAULT CHARSET=utf8mb4 COLLATE=utf8mb4_unicode_ci;
/*!40101 SET character_set_client = @saved_cs_client */;

--
-- Dumping data for table `availabilities`
--

LOCK TABLES `availabilities` WRITE;
/*!40000 ALTER TABLE `availabilities` DISABLE KEYS */;
INSERT INTO `availabilities` VALUES (1,1,'2023-04-30 12:39:00','2023-04-30 13:39:00',0),(2,1,'2023-05-01 11:11:00','2023-05-01 12:11:00',0),(3,1,'2023-04-29 09:33:00','2023-04-29 10:33:00',1),(4,1,'2023-05-02 12:32:00','2023-05-02 13:32:00',0),(5,1,'2023-05-04 14:25:00','2023-05-04 15:25:00',1),(6,2,'2023-05-05 16:17:00','2023-05-05 17:17:00',0),(7,2,'2023-05-06 16:33:00','2023-05-06 17:33:00',1),(8,2,'2023-05-02 10:00:00','2023-05-02 11:00:00',0),(9,2,'2023-04-30 15:49:00','2023-04-30 16:49:00',0),(10,2,'2023-05-03 09:32:00','2023-05-03 10:32:00',1),(11,3,'2023-05-03 14:44:00','2023-05-03 15:44:00',0),(12,3,'2023-05-03 13:40:00','2023-05-03 14:40:00',0),(13,3,'2023-05-01 11:00:00','2023-05-01 12:00:00',1),(14,3,'2023-05-02 16:21:00','2023-05-02 17:21:00',1),(15,3,'2023-05-02 13:16:00','2023-05-02 14:16:00',1),(16,4,'2023-04-30 13:46:00','2023-04-30 14:46:00',0),(17,4,'2023-04-30 14:28:00','2023-04-30 15:28:00',1),(18,4,'2023-05-02 11:23:00','2023-05-02 12:23:00',1),(19,4,'2023-04-29 14:11:00','2023-04-29 15:11:00',0),(20,4,'2023-04-29 16:12:00','2023-04-29 17:12:00',1),(21,5,'2023-05-02 14:38:00','2023-05-02 15:38:00',1),(22,5,'2023-05-05 12:03:00','2023-05-05 13:03:00',1),(23,5,'2023-05-04 11:26:00','2023-05-04 12:26:00',1),(24,5,'2023-05-04 14:35:00','2023-05-04 15:35:00',0),(25,5,'2023-04-29 14:47:00','2023-04-29 15:47:00',0),(26,6,'2023-05-04 14:33:00','2023-05-04 15:33:00',1),(27,6,'2023-05-04 14:33:00','2023-05-04 15:33:00',1),(28,6,'2023-04-30 14:35:00','2023-04-30 15:35:00',1),(29,6,'2023-04-29 15:18:00','2023-04-29 16:18:00',1),(30,6,'2023-05-05 15:27:00','2023-05-05 16:27:00',0),(31,7,'2023-05-01 15:07:00','2023-05-01 16:07:00',1),(32,7,'2023-05-04 10:38:00','2023-05-04 11:38:00',1),(33,7,'2023-05-02 12:11:00','2023-05-02 13:11:00',0),(34,7,'2023-05-02 10:45:00','2023-05-02 11:45:00',0),(35,7,'2023-05-05 16:02:00','2023-05-05 17:02:00',1),(36,8,'2023-05-02 10:55:00','2023-05-02 11:55:00',0),(37,8,'2023-05-03 14:37:00','2023-05-03 15:37:00',0),(38,8,'2023-05-04 14:08:00','2023-05-04 15:08:00',0),(39,8,'2023-05-01 12:15:00','2023-05-01 13:15:00',1),(40,8,'2023-05-06 16:00:00','2023-05-06 17:00:00',1),(41,9,'2023-04-29 13:17:00','2023-04-29 14:17:00',1),(42,9,'2023-05-01 12:16:00','2023-05-01 13:16:00',0),(43,9,'2023-05-01 11:00:00','2023-05-01 12:00:00',0),(44,9,'2023-05-01 16:41:00','2023-05-01 17:41:00',1),(45,9,'2023-05-03 15:51:00','2023-05-03 16:51:00',0),(46,10,'2023-05-01 14:15:00','2023-05-01 15:15:00',1),(47,10,'2023-05-02 09:32:00','2023-05-02 10:32:00',1),(48,10,'2023-05-03 13:09:00','2023-05-03 14:09:00',0),(49,10,'2023-05-05 15:52:00','2023-05-05 16:52:00',0),(50,10,'2023-05-05 13:14:00','2023-05-05 14:14:00',1);
/*!40000 ALTER TABLE `availabilities` ENABLE KEYS */;
UNLOCK TABLES;

--
-- Table structure for table `booking`
--

DROP TABLE IF EXISTS `booking`;
/*!40101 SET @saved_cs_client     = @@character_set_client */;
/*!50503 SET character_set_client = utf8mb4 */;
CREATE TABLE `booking` (
  `id` int NOT NULL AUTO_INCREMENT,
  `coach_id` int DEFAULT NULL,
  `user_id` int DEFAULT NULL,
  `state_rdv` varchar(255) COLLATE utf8mb4_unicode_ci NOT NULL,
  `created_at` datetime NOT NULL COMMENT '(DC2Type:datetime_immutable)',
  `duration` varchar(255) COLLATE utf8mb4_unicode_ci NOT NULL,
  `start_rdv` datetime NOT NULL COMMENT '(DC2Type:datetime_immutable)',
  `end_rdv` datetime NOT NULL COMMENT '(DC2Type:datetime_immutable)',
  PRIMARY KEY (`id`),
  KEY `IDX_E00CEDDE3C105691` (`coach_id`),
  KEY `IDX_E00CEDDEA76ED395` (`user_id`),
  CONSTRAINT `FK_E00CEDDE3C105691` FOREIGN KEY (`coach_id`) REFERENCES `coach` (`id`),
  CONSTRAINT `FK_E00CEDDEA76ED395` FOREIGN KEY (`user_id`) REFERENCES `member` (`id`)
) ENGINE=InnoDB AUTO_INCREMENT=51 DEFAULT CHARSET=utf8mb4 COLLATE=utf8mb4_unicode_ci;
/*!40101 SET character_set_client = @saved_cs_client */;

--
-- Dumping data for table `booking`
--

LOCK TABLES `booking` WRITE;
/*!40000 ALTER TABLE `booking` DISABLE KEYS */;
INSERT INTO `booking` VALUES (1,1,18,'PENDING','2023-04-30 09:42:32','1 hour','2023-05-05 12:56:11','2023-05-05 13:56:11'),(2,1,96,'CONFIRMED','2023-05-06 03:24:36','1 hour','2023-05-05 03:40:40','2023-05-05 04:40:40'),(3,1,28,'CONFIRMED','2023-05-03 06:37:53','1 hour','2023-05-02 16:17:39','2023-05-02 17:17:39'),(4,1,45,'PENDING','2023-05-02 17:38:46','1 hour','2023-05-02 03:30:14','2023-05-02 04:30:14'),(5,1,75,'CANCELLED','2023-04-30 15:15:48','1 hour','2023-05-04 07:45:34','2023-05-04 08:45:34'),(6,2,77,'CONFIRMED','2023-04-30 18:37:10','1 hour','2023-05-03 15:49:46','2023-05-03 16:49:46'),(7,2,108,'CONFIRMED','2023-05-01 06:50:31','1 hour','2023-05-01 07:48:36','2023-05-01 08:48:36'),(8,2,6,'CANCELLED','2023-05-01 12:39:41','1 hour','2023-05-01 19:13:11','2023-05-01 20:13:11'),(9,2,18,'CONFIRMED','2023-05-04 04:27:25','1 hour','2023-05-02 05:25:40','2023-05-02 06:25:40'),(10,2,74,'PENDING','2023-05-03 03:45:30','1 hour','2023-05-02 14:39:36','2023-05-02 15:39:36'),(11,3,21,'CONFIRMED','2023-05-01 16:11:57','1 hour','2023-04-30 19:39:20','2023-04-30 20:39:20'),(12,3,79,'CANCELLED','2023-05-01 20:44:04','1 hour','2023-05-05 18:33:35','2023-05-05 19:33:35'),(13,3,60,'CONFIRMED','2023-05-01 18:42:05','1 hour','2023-05-01 12:45:13','2023-05-01 13:45:13'),(14,3,55,'PENDING','2023-05-03 19:18:08','1 hour','2023-05-01 07:56:46','2023-05-01 08:56:46'),(15,3,25,'CONFIRMED','2023-04-29 17:46:14','1 hour','2023-05-04 19:01:46','2023-05-04 20:01:46'),(16,4,91,'CANCELLED','2023-05-02 22:17:49','1 hour','2023-05-06 06:58:55','2023-05-06 07:58:55'),(17,4,102,'PENDING','2023-05-04 08:59:07','1 hour','2023-05-01 14:04:18','2023-05-01 15:04:18'),(18,4,90,'CONFIRMED','2023-05-04 13:08:49','1 hour','2023-04-29 17:26:04','2023-04-29 18:26:04'),(19,4,105,'CONFIRMED','2023-05-04 16:30:17','1 hour','2023-05-05 17:44:26','2023-05-05 18:44:26'),(20,4,23,'PENDING','2023-05-01 15:21:45','1 hour','2023-05-01 12:00:48','2023-05-01 13:00:48'),(21,5,56,'PENDING','2023-04-30 19:43:00','1 hour','2023-05-01 01:00:04','2023-05-01 02:00:04'),(22,5,109,'PENDING','2023-05-01 06:44:55','1 hour','2023-05-02 22:38:53','2023-05-02 23:38:53'),(23,5,53,'CANCELLED','2023-05-04 18:32:33','1 hour','2023-05-02 01:05:14','2023-05-02 02:05:14'),(24,5,9,'CANCELLED','2023-05-01 00:29:49','1 hour','2023-04-29 12:20:59','2023-04-29 13:20:59'),(25,5,89,'PENDING','2023-04-30 05:32:50','1 hour','2023-05-02 23:30:59','2023-05-03 00:30:59'),(26,6,88,'CANCELLED','2023-05-03 04:44:48','1 hour','2023-05-01 02:54:35','2023-05-01 03:54:35'),(27,6,6,'PENDING','2023-05-01 12:16:46','1 hour','2023-04-30 02:40:14','2023-04-30 03:40:14'),(28,6,13,'CONFIRMED','2023-05-01 14:37:15','1 hour','2023-05-06 05:51:39','2023-05-06 06:51:39'),(29,6,62,'CANCELLED','2023-04-30 03:38:48','1 hour','2023-05-04 16:56:22','2023-05-04 17:56:22'),(30,6,96,'CONFIRMED','2023-05-05 02:07:55','1 hour','2023-05-01 21:09:55','2023-05-01 22:09:55'),(31,7,19,'PENDING','2023-05-01 00:36:57','1 hour','2023-05-05 06:08:53','2023-05-05 07:08:53'),(32,7,68,'CONFIRMED','2023-05-03 17:44:15','1 hour','2023-05-04 21:24:48','2023-05-04 22:24:48'),(33,7,103,'CANCELLED','2023-05-03 04:27:32','1 hour','2023-05-05 22:46:49','2023-05-05 23:46:49'),(34,7,56,'CONFIRMED','2023-04-30 22:10:49','1 hour','2023-05-03 13:15:33','2023-05-03 14:15:33'),(35,7,28,'PENDING','2023-04-29 14:09:52','1 hour','2023-05-06 08:25:50','2023-05-06 09:25:50'),(36,8,74,'PENDING','2023-05-04 23:37:14','1 hour','2023-04-30 21:35:31','2023-04-30 22:35:31'),(37,8,3,'CONFIRMED','2023-04-29 20:53:54','1 hour','2023-05-05 16:32:36','2023-05-05 17:32:36'),(38,8,108,'CANCELLED','2023-04-29 18:48:06','1 hour','2023-05-02 01:23:40','2023-05-02 02:23:40'),(39,8,53,'PENDING','2023-05-05 21:09:43','1 hour','2023-04-29 23:37:02','2023-04-30 00:37:02'),(40,8,69,'CANCELLED','2023-05-03 06:57:56','1 hour','2023-05-05 20:15:42','2023-05-05 21:15:42'),(41,9,30,'PENDING','2023-05-03 01:14:55','1 hour','2023-04-30 03:46:28','2023-04-30 04:46:28'),(42,9,108,'CONFIRMED','2023-05-04 21:51:56','1 hour','2023-05-01 08:43:58','2023-05-01 09:43:58'),(43,9,72,'CONFIRMED','2023-05-03 11:52:41','1 hour','2023-05-05 03:53:04','2023-05-05 04:53:04'),(44,9,29,'CONFIRMED','2023-05-03 11:00:54','1 hour','2023-05-02 03:44:23','2023-05-02 04:44:23'),(45,9,101,'CONFIRMED','2023-04-30 09:31:11','1 hour','2023-04-29 11:02:44','2023-04-29 12:02:44'),(46,10,85,'CONFIRMED','2023-05-04 16:15:30','1 hour','2023-05-02 15:30:10','2023-05-02 16:30:10'),(47,10,6,'CONFIRMED','2023-04-30 18:55:08','1 hour','2023-04-29 23:08:46','2023-04-30 00:08:46'),(48,10,65,'CONFIRMED','2023-05-01 23:56:09','1 hour','2023-05-02 16:57:19','2023-05-02 17:57:19'),(49,10,1,'CONFIRMED','2023-05-04 01:09:09','1 hour','2023-05-01 14:08:55','2023-05-01 15:08:55'),(50,10,4,'CANCELLED','2023-05-01 03:00:19','1 hour','2023-05-05 15:43:39','2023-05-05 16:43:39');
/*!40000 ALTER TABLE `booking` ENABLE KEYS */;
UNLOCK TABLES;

--
-- Table structure for table `coach`
--

DROP TABLE IF EXISTS `coach`;
/*!40101 SET @saved_cs_client     = @@character_set_client */;
/*!50503 SET character_set_client = utf8mb4 */;
CREATE TABLE `coach` (
  `id` int NOT NULL AUTO_INCREMENT,
  `user_id` int DEFAULT NULL,
  `first_name` varchar(255) COLLATE utf8mb4_unicode_ci DEFAULT NULL,
  `last_name` varchar(255) COLLATE utf8mb4_unicode_ci DEFAULT NULL,
  `email` varchar(255) COLLATE utf8mb4_unicode_ci DEFAULT NULL,
  `speciality` varchar(255) COLLATE utf8mb4_unicode_ci DEFAULT NULL,
  PRIMARY KEY (`id`),
  UNIQUE KEY `UNIQ_3F596DCCA76ED395` (`user_id`),
  CONSTRAINT `FK_3F596DCCA76ED395` FOREIGN KEY (`user_id`) REFERENCES `user` (`id`)
) ENGINE=InnoDB AUTO_INCREMENT=11 DEFAULT CHARSET=utf8mb4 COLLATE=utf8mb4_unicode_ci;
/*!40101 SET character_set_client = @saved_cs_client */;

--
-- Dumping data for table `coach`
--

LOCK TABLES `coach` WRITE;
/*!40000 ALTER TABLE `coach` DISABLE KEYS */;
INSERT INTO `coach` VALUES (1,1,'Roger','Moreau','William27@sfr.fr','squat'),(2,10,'Julien','Verdier','Antoinette.Lamy@Lefort.fr','squat'),(3,17,'Laurence','Vincent','Paris.Cecile@Prevost.fr','squat'),(4,26,'Thibaut','Morvan','Claudine.Regnier@voila.fr','squat'),(5,41,'Charlotte','Bernard','Veronique82@Diallo.com','squat'),(6,50,'Honoré','Gautier','Edouard27@DosSantos.fr','squat'),(7,61,'Valentine','Fernandes','Thibault.Legendre@free.fr','squat'),(8,79,'Laurence','Bertin','Clemence58@gmail.com','squat'),(9,88,'Célina','Schneider','tGregoire@laposte.net','squat'),(10,107,'Augustin','Da Costa','iAubry@ifrance.com','squat');
/*!40000 ALTER TABLE `coach` ENABLE KEYS */;
UNLOCK TABLES;

--
-- Table structure for table `equipment`
--

DROP TABLE IF EXISTS `equipment`;
/*!40101 SET @saved_cs_client     = @@character_set_client */;
/*!50503 SET character_set_client = utf8mb4 */;
CREATE TABLE `equipment` (
  `id` int NOT NULL AUTO_INCREMENT,
  `name_equipment` varchar(255) COLLATE utf8mb4_unicode_ci NOT NULL,
  PRIMARY KEY (`id`)
) ENGINE=InnoDB DEFAULT CHARSET=utf8mb4 COLLATE=utf8mb4_unicode_ci;
/*!40101 SET character_set_client = @saved_cs_client */;

--
-- Dumping data for table `equipment`
--

LOCK TABLES `equipment` WRITE;
/*!40000 ALTER TABLE `equipment` DISABLE KEYS */;
/*!40000 ALTER TABLE `equipment` ENABLE KEYS */;
UNLOCK TABLES;

--
-- Table structure for table `evolution`
--

DROP TABLE IF EXISTS `evolution`;
/*!40101 SET @saved_cs_client     = @@character_set_client */;
/*!50503 SET character_set_client = utf8mb4 */;
CREATE TABLE `evolution` (
  `id` int NOT NULL AUTO_INCREMENT,
  `weight_evolution` int NOT NULL,
  `height_evolution` int NOT NULL,
  `created_at` datetime NOT NULL COMMENT '(DC2Type:datetime_immutable)',
  `updated_at` datetime DEFAULT NULL COMMENT '(DC2Type:datetime_immutable)',
  PRIMARY KEY (`id`)
) ENGINE=InnoDB DEFAULT CHARSET=utf8mb4 COLLATE=utf8mb4_unicode_ci;
/*!40101 SET character_set_client = @saved_cs_client */;

--
-- Dumping data for table `evolution`
--

LOCK TABLES `evolution` WRITE;
/*!40000 ALTER TABLE `evolution` DISABLE KEYS */;
/*!40000 ALTER TABLE `evolution` ENABLE KEYS */;
UNLOCK TABLES;

--
-- Table structure for table `exercises`
--

DROP TABLE IF EXISTS `exercises`;
/*!40101 SET @saved_cs_client     = @@character_set_client */;
/*!50503 SET character_set_client = utf8mb4 */;
CREATE TABLE `exercises` (
  `id` int NOT NULL AUTO_INCREMENT,
  `workout_id` int DEFAULT NULL,
  `nom` varchar(171) COLLATE utf8mb4_unicode_ci NOT NULL,
  `equipement` varchar(255) COLLATE utf8mb4_unicode_ci NOT NULL,
  `description` longtext COLLATE utf8mb4_unicode_ci NOT NULL,
  `created_at` datetime NOT NULL COMMENT '(DC2Type:datetime_immutable)',
  `updated_at` datetime NOT NULL COMMENT '(DC2Type:datetime_immutable)',
  `partie` varchar(255) COLLATE utf8mb4_unicode_ci NOT NULL,
  PRIMARY KEY (`id`),
  KEY `IDX_FA14991A6CCCFC9` (`workout_id`),
  CONSTRAINT `FK_FA14991A6CCCFC9` FOREIGN KEY (`workout_id`) REFERENCES `workout` (`id`)
) ENGINE=InnoDB DEFAULT CHARSET=utf8mb4 COLLATE=utf8mb4_unicode_ci;
/*!40101 SET character_set_client = @saved_cs_client */;

--
-- Dumping data for table `exercises`
--

LOCK TABLES `exercises` WRITE;
/*!40000 ALTER TABLE `exercises` DISABLE KEYS */;
/*!40000 ALTER TABLE `exercises` ENABLE KEYS */;
UNLOCK TABLES;

--
-- Table structure for table `gym`
--

DROP TABLE IF EXISTS `gym`;
/*!40101 SET @saved_cs_client     = @@character_set_client */;
/*!50503 SET character_set_client = utf8mb4 */;
CREATE TABLE `gym` (
  `id` int NOT NULL AUTO_INCREMENT,
  `name_gym` varchar(255) COLLATE utf8mb4_unicode_ci NOT NULL,
  `postalcode_gym` int NOT NULL,
  `city_gym` varchar(255) COLLATE utf8mb4_unicode_ci NOT NULL,
  `comment` longtext COLLATE utf8mb4_unicode_ci NOT NULL,
  `adress_gym` varchar(255) COLLATE utf8mb4_unicode_ci NOT NULL,
  PRIMARY KEY (`id`)
) ENGINE=InnoDB DEFAULT CHARSET=utf8mb4 COLLATE=utf8mb4_unicode_ci;
/*!40101 SET character_set_client = @saved_cs_client */;

--
-- Dumping data for table `gym`
--

LOCK TABLES `gym` WRITE;
/*!40000 ALTER TABLE `gym` DISABLE KEYS */;
/*!40000 ALTER TABLE `gym` ENABLE KEYS */;
UNLOCK TABLES;

--
-- Table structure for table `member`
--

DROP TABLE IF EXISTS `member`;
/*!40101 SET @saved_cs_client     = @@character_set_client */;
/*!50503 SET character_set_client = utf8mb4 */;
CREATE TABLE `member` (
  `id` int NOT NULL AUTO_INCREMENT,
  `user_id` int DEFAULT NULL,
  `first_name` varchar(255) COLLATE utf8mb4_unicode_ci DEFAULT NULL,
  `last_name` varchar(255) COLLATE utf8mb4_unicode_ci DEFAULT NULL,
  `phone_number` varchar(255) COLLATE utf8mb4_unicode_ci DEFAULT NULL,
  `email` varchar(255) COLLATE utf8mb4_unicode_ci DEFAULT NULL,
  `user_age` int DEFAULT NULL,
  `size_user` int DEFAULT NULL,
  `weight_user` int DEFAULT NULL,
  `subscriber_date` datetime DEFAULT NULL COMMENT '(DC2Type:datetime_immutable)',
  PRIMARY KEY (`id`),
  UNIQUE KEY `UNIQ_70E4FA78A76ED395` (`user_id`),
  CONSTRAINT `FK_70E4FA78A76ED395` FOREIGN KEY (`user_id`) REFERENCES `user` (`id`)
) ENGINE=InnoDB AUTO_INCREMENT=111 DEFAULT CHARSET=utf8mb4 COLLATE=utf8mb4_unicode_ci;
/*!40101 SET character_set_client = @saved_cs_client */;

--
-- Dumping data for table `member`
--

LOCK TABLES `member` WRITE;
/*!40000 ALTER TABLE `member` DISABLE KEYS */;
INSERT INTO `member` VALUES (1,2,'Stéphane','Ribeiro','08 42 33 18 21','Guyot.Gregoire@Fournier.com',54,163,76,NULL),(2,3,'Olivier','Joly','+33 (0)4 95 62 58 11','iHubert@Schneider.com',59,168,87,NULL),(3,4,'Timothée','Ramos','+33 5 15 36 24 69','Ines.Rodriguez@Salmon.fr',48,192,65,NULL),(4,5,'Aimée','Klein','+33 (0)8 28 94 89 20','Dorothee86@Roger.com',55,188,79,NULL),(5,6,'Paul','Jacquot','+33 5 30 15 96 20','kArnaud@voila.fr',48,181,77,NULL),(6,7,'Alain','Bigot','+33 1 32 42 73 20','Fernandes.Roger@Leger.fr',41,183,50,NULL),(7,8,'Charlotte','Blin','0939916444','Julie57@Laporte.com',46,195,82,NULL),(8,9,'Philippine','Begue','+33 (0)8 07 22 47 51','Juliette.Gaillard@Francois.com',38,155,59,NULL),(9,11,'Guillaume','Jean','0805486853','Rene.Charpentier@club-internet.fr',19,156,78,NULL),(10,12,'René','Huet','+33 (0)3 23 78 35 87','gMarechal@Henry.fr',22,158,79,NULL),(11,13,'Roger','Boulanger','0174254955','Bernard.Maillot@orange.fr',57,186,67,NULL),(12,14,'Dorothée','Lagarde','+33 4 71 13 77 24','Dominique38@bouygtel.fr',34,184,61,NULL),(13,15,'Jean','Guillon','09 30 28 88 40','hBouchet@ifrance.com',19,195,71,NULL),(14,16,'Louis','Gros','0641135494','Alphonse22@Leclercq.com',57,177,54,NULL),(15,18,'Diane','Ruiz','+33 (0)2 68 59 16 95','Christelle80@Blanchet.org',27,172,64,NULL),(16,19,'Isaac','Muller','0626947218','Paulette65@Marques.org',18,191,64,NULL),(17,20,'Monique','Bernard','+33 4 33 37 63 31','Imbert.Dominique@Ferreira.org',50,150,63,NULL),(18,21,'Jeannine','Bousquet','02 52 32 96 83','wSchneider@Guichard.org',37,175,52,NULL),(19,22,'Alex','Letellier','+33 2 11 79 77 64','Adelaide04@dbmail.com',19,196,81,NULL),(20,23,'Joseph','Jacquet','09 59 23 14 74','cHardy@Potier.fr',41,157,97,NULL),(21,24,'Pierre','Moreau','+33 (0)7 70 24 93 35','Alexandre.Samson@laposte.net',41,187,65,NULL),(22,25,'Anastasie','Ledoux','07 75 79 89 67','Thierry21@tele2.fr',27,191,51,NULL),(23,27,'Madeleine','Lefebvre','+33 (0)1 75 64 18 06','qDenis@club-internet.fr',56,197,82,NULL),(24,28,'Nath','David','01 07 09 60 89','Laurent17@yahoo.fr',60,151,62,NULL),(25,29,'Élisabeth','Carlier','0904955214','Lefebvre.Victor@Torres.fr',36,170,64,NULL),(26,30,'Benjamin','Lecoq','0798310701','xGuyot@Blanchet.com',57,164,68,NULL),(27,31,'Jeanne','Peron','+33 3 73 42 22 78','Bonnet.Paul@Berger.com',55,181,99,NULL),(28,32,'Lucas','Grondin','+33 (0)1 18 15 68 84','uAndre@Lelievre.org',54,164,63,NULL),(29,33,'Jeanne','Martin','0568092873','Anastasie68@wanadoo.fr',53,186,73,NULL),(30,34,'Renée','Moreau','+33 9 87 12 17 68','Sophie21@dbmail.com',42,193,67,NULL),(31,35,'Pénélope','Bouvier','+33 (0)2 91 80 52 17','Delattre.Martin@Cohen.org',19,155,81,NULL),(32,36,'Lucy','Fontaine','01 38 79 68 84','Michele.Garnier@Jacob.fr',60,164,70,NULL),(33,37,'René','Georges','+33 3 91 17 98 39','Guillot.Emile@Weiss.com',38,187,73,NULL),(34,38,'Claude','Dos Santos','01 01 47 13 72','Nathalie33@Hamel.net',60,199,50,NULL),(35,39,'Mathilde','Petit','+33 (0)4 50 28 02 31','Benjamin49@Legendre.fr',42,158,99,NULL),(36,40,'Margot','Chretien','02 80 67 10 87','Charles.Lagarde@Letellier.net',54,189,81,NULL),(37,42,'Charles','Lombard','0737812265','Elisabeth04@Buisson.com',25,164,84,NULL),(38,43,'Xavier','Renault','+33 2 52 51 29 45','Voisin.Alfred@Normand.fr',19,165,50,NULL),(39,44,'Emmanuel','Costa','+33 3 14 36 34 14','Leclerc.Maryse@Merle.com',24,188,77,NULL),(40,45,'Brigitte','Perret','0472993438','Hebert.Susanne@Martins.com',53,196,68,NULL),(41,46,'Dominique','Dubois','+33 (0)8 23 86 78 25','Aurore.Bourdon@Leger.net',41,200,96,NULL),(42,47,'Thibaut','Clement','+33 (0)5 29 54 48 62','Paul.Fontaine@voila.fr',28,192,53,NULL),(43,48,'Maurice','Pereira','+33 7 71 20 59 37','aDaniel@Evrard.com',51,168,88,NULL),(44,49,'Christine','Perez','+33 2 56 95 51 42','tVaillant@tele2.fr',26,174,85,NULL),(45,51,'Thérèse','Laroche','0681790959','Paulette96@Moreno.fr',40,176,74,NULL),(46,52,'Corinne','Rey','08 16 43 69 46','Emilie.Mendes@tiscali.fr',32,183,61,NULL),(47,53,'Véronique','Mahe','+33 7 83 78 27 41','Gay.Edith@sfr.fr',29,159,96,NULL),(48,54,'Céline','Giraud','0186266473','Bernadette18@ifrance.com',41,165,56,NULL),(49,55,'Capucine','Leroux','+33 1 86 74 84 12','Marc.Perrier@Lecoq.fr',20,158,85,NULL),(50,56,'Étienne','Fontaine','01 73 79 05 01','Margot.Jourdan@Bouchet.net',41,158,95,NULL),(51,57,'Alfred','Bouvier','+33 9 51 78 00 64','tPhilippe@free.fr',27,155,63,NULL),(52,58,'Alain','Diaz','0684517722','Cordier.Adelaide@laposte.net',46,161,91,NULL),(53,59,'Franck','Bourdon','0139390249','pFaivre@Lebon.fr',43,170,55,NULL),(54,60,'Marcel','Pages','+33 (0)2 84 95 64 52','Rolland.Nicole@sfr.fr',44,169,65,NULL),(55,62,'Susan','Fernandez','+33 (0)1 89 66 75 79','Lemaire.Georges@tele2.fr',59,178,58,NULL),(56,63,'Véronique','Potier','+33 4 66 34 79 32','Sabine49@ifrance.com',48,179,76,NULL),(57,64,'Benoît','Gillet','01 26 22 67 82','Carpentier.Jacques@noos.fr',57,152,57,NULL),(58,65,'Élise','Guilbert','+33 2 17 79 67 59','Arthur59@Dijoux.com',56,172,56,NULL),(59,66,'Léon','Dupre','0179257766','Margaret.Normand@voila.fr',43,191,60,NULL),(60,67,'Frédérique','Descamps','07 33 83 42 60','Andre.Martel@Rey.com',24,168,57,NULL),(61,68,'Monique','Bazin','02 05 66 28 54','oLesage@Maury.fr',51,155,87,NULL),(62,69,'Thibaut','Leleu','0493566914','cAuger@DaSilva.com',49,177,85,NULL),(63,70,'Geneviève','Morin','+33 (0)1 02 71 86 77','Camille.Langlois@tele2.fr',43,183,86,NULL),(64,71,'Jean','Coulon','0365572525','vPerrin@free.fr',47,160,98,NULL),(65,72,'Céline','Perez','0342917976','Alix81@Bodin.fr',41,193,66,NULL),(66,73,'Claude','Leduc','+33 (0)1 13 83 14 84','xDiaz@Fleury.fr',57,157,71,NULL),(67,74,'Margaret','Hardy','07 01 21 67 08','Legrand.Aurelie@Hubert.net',31,197,99,NULL),(68,75,'Georges','Nicolas','+33 4 63 41 25 46','Gabrielle.Ollivier@Besnard.net',19,163,82,NULL),(69,76,'Georges','Valentin','0734970316','Aurore.Moreau@Alves.fr',53,181,73,NULL),(70,77,'Jacques','Gomez','+33 (0)5 86 71 30 30','Prevost.Tristan@yahoo.fr',27,165,84,NULL),(71,78,'Thomas','Delannoy','+33 (0)1 55 25 79 32','Alphonse.Joly@Girard.com',25,151,79,NULL),(72,80,'Brigitte','Maillot','+33 4 74 46 34 54','iMarin@dbmail.com',36,163,82,NULL),(73,81,'Diane','Bonnin','+33 7 51 76 94 76','Veronique76@Caron.org',35,199,88,NULL),(74,82,'Thibault','Joseph','0324385361','cHebert@Verdier.net',29,176,87,NULL),(75,83,'Alexandrie','Lefebvre','05 52 67 77 23','Gerard36@Weber.net',32,153,91,NULL),(76,84,'René','Collet','09 74 44 17 91','Suzanne30@LeRoux.net',51,172,79,NULL),(77,85,'Jules','Pelletier','03 38 96 26 92','Brunet.Pauline@Brunet.fr',53,181,59,NULL),(78,86,'Camille','Andre','0235623538','oLevy@Bailly.com',55,192,52,NULL),(79,87,'Véronique','Lefebvre','+33 5 52 13 49 13','Nicolas31@hotmail.fr',22,191,80,NULL),(80,89,'Valentine','Samson','0934357936','fRoux@Faure.fr',60,174,88,NULL),(81,90,'Maurice','Reynaud','0735034560','Louis.Bourgeois@Ollivier.net',49,150,70,NULL),(82,91,'Édith','Poirier','0956165793','Devaux.Alfred@bouygtel.fr',54,155,67,NULL),(83,92,'Arthur','Chretien','+33 (0)7 95 75 06 71','Gosselin.Amelie@dbmail.com',60,171,89,NULL),(84,93,'Renée','Bousquet','01 09 46 00 78','Denise.Breton@bouygtel.fr',31,157,62,NULL),(85,94,'Alexandria','Simon','0748727552','Frederic.Regnier@laposte.net',60,195,96,NULL),(86,95,'Denise','Riou','0155799939','Delaunay.Edith@Thibault.com',19,182,73,NULL),(87,96,'Isaac','Tanguy','+33 (0)1 60 31 10 30','Renee.Michel@Mercier.fr',25,161,81,NULL),(88,97,'Adélaïde','Lemaire','+33 (0)1 62 53 51 26','wRobert@orange.fr',20,153,61,NULL),(89,98,'Margaret','Guichard','+33 (0)9 87 16 11 40','vRegnier@Sauvage.fr',32,192,86,NULL),(90,99,'Martin','Royer','0134557354','hMarie@ifrance.com',41,188,51,NULL),(91,100,'Marine','Lefebvre','08 82 37 90 06','hGaudin@Barthelemy.fr',53,182,65,NULL),(92,101,'Noël','Bouvier','+33 3 03 93 07 18','Huet.Lucy@orange.fr',51,156,50,NULL),(93,102,'Thibault','Buisson','09 15 19 67 88','Laurent.Francoise@hotmail.fr',48,165,52,NULL),(94,103,'François','Dupre','+33 9 93 31 60 63','Guillaume.Laurence@Lebrun.fr',30,180,81,NULL),(95,104,'Édith','Chartier','09 90 65 45 32','Nathalie.Barre@Philippe.com',28,151,100,NULL),(96,105,'René','Traore','01 24 78 33 07','Josephine.Lacombe@Normand.fr',59,152,90,NULL),(97,106,'Emmanuel','Delannoy','01 01 99 45 15','Honore28@Cohen.com',40,151,59,NULL),(98,108,'Marianne','Guerin','+33 4 58 64 27 14','Isabelle.Simon@orange.fr',44,183,74,NULL),(99,109,'Alexandria','Morin','+33 3 64 21 55 86','Thibaut89@voila.fr',29,158,58,NULL),(100,110,'Odette','Pasquier','09 23 09 11 19','Caron.Renee@Delmas.fr',36,175,69,NULL),(101,111,'Zoé','Lopes','0420606140','Cecile.Grondin@club-internet.fr',37,159,72,NULL),(102,112,'Philippine','Neveu','+33 1 20 90 06 04','Marie.Thierry@noos.fr',45,162,62,NULL),(103,113,'Roger','Colin','+33 (0)9 14 11 73 15','vNormand@Guilbert.com',24,195,98,NULL),(104,114,'Jeannine','Marchal','+33 (0)2 50 23 47 30','Aurelie47@tele2.fr',26,198,59,NULL),(105,115,'Gabrielle','Rodrigues','0544840084','Boucher.Alix@Boutin.net',26,155,52,NULL),(106,116,'Cécile','Ruiz','0188185641','Edith.Simon@Renaud.com',21,167,97,NULL),(107,117,'Emmanuel','Julien','0619367801','uBlanchet@Poirier.com',59,188,88,NULL),(108,118,'Margaret','Lagarde','+33 (0)8 67 39 39 39','uMace@ifrance.com',48,194,61,NULL),(109,119,'Éric','Baron','+33 9 17 39 10 98','bRaymond@dbmail.com',21,186,87,NULL),(110,120,'Marianne','Lacroix','+33 6 29 33 55 17','qLevy@tiscali.fr',43,177,92,NULL);
/*!40000 ALTER TABLE `member` ENABLE KEYS */;
UNLOCK TABLES;

--
-- Table structure for table `messenger_messages`
--

DROP TABLE IF EXISTS `messenger_messages`;
/*!40101 SET @saved_cs_client     = @@character_set_client */;
/*!50503 SET character_set_client = utf8mb4 */;
CREATE TABLE `messenger_messages` (
  `id` bigint NOT NULL AUTO_INCREMENT,
  `body` longtext COLLATE utf8mb4_unicode_ci NOT NULL,
  `headers` longtext COLLATE utf8mb4_unicode_ci NOT NULL,
  `queue_name` varchar(190) COLLATE utf8mb4_unicode_ci NOT NULL,
  `created_at` datetime NOT NULL,
  `available_at` datetime NOT NULL,
  `delivered_at` datetime DEFAULT NULL,
  PRIMARY KEY (`id`),
  KEY `IDX_75EA56E0FB7336F0` (`queue_name`),
  KEY `IDX_75EA56E0E3BD61CE` (`available_at`),
  KEY `IDX_75EA56E016BA31DB` (`delivered_at`)
) ENGINE=InnoDB DEFAULT CHARSET=utf8mb4 COLLATE=utf8mb4_unicode_ci;
/*!40101 SET character_set_client = @saved_cs_client */;

--
-- Dumping data for table `messenger_messages`
--

LOCK TABLES `messenger_messages` WRITE;
/*!40000 ALTER TABLE `messenger_messages` DISABLE KEYS */;
/*!40000 ALTER TABLE `messenger_messages` ENABLE KEYS */;
UNLOCK TABLES;

--
-- Table structure for table `objective`
--

DROP TABLE IF EXISTS `objective`;
/*!40101 SET @saved_cs_client     = @@character_set_client */;
/*!50503 SET character_set_client = utf8mb4 */;
CREATE TABLE `objective` (
  `id` int NOT NULL AUTO_INCREMENT,
  `weight_objective` int NOT NULL,
  `height_objective` int NOT NULL,
  PRIMARY KEY (`id`)
) ENGINE=InnoDB DEFAULT CHARSET=utf8mb4 COLLATE=utf8mb4_unicode_ci;
/*!40101 SET character_set_client = @saved_cs_client */;

--
-- Dumping data for table `objective`
--

LOCK TABLES `objective` WRITE;
/*!40000 ALTER TABLE `objective` DISABLE KEYS */;
/*!40000 ALTER TABLE `objective` ENABLE KEYS */;
UNLOCK TABLES;

--
-- Table structure for table `partie_corps`
--

DROP TABLE IF EXISTS `partie_corps`;
/*!40101 SET @saved_cs_client     = @@character_set_client */;
/*!50503 SET character_set_client = utf8mb4 */;
CREATE TABLE `partie_corps` (
  `id` int NOT NULL AUTO_INCREMENT,
  `id_exercise` int NOT NULL,
  `nom` varchar(255) COLLATE utf8mb4_unicode_ci NOT NULL,
  PRIMARY KEY (`id`),
  KEY `IDX_7655A469FE013989` (`id_exercise`),
  CONSTRAINT `FK_7655A469FE013989` FOREIGN KEY (`id_exercise`) REFERENCES `exercises` (`id`)
) ENGINE=InnoDB DEFAULT CHARSET=utf8mb4 COLLATE=utf8mb4_unicode_ci;
/*!40101 SET character_set_client = @saved_cs_client */;

--
-- Dumping data for table `partie_corps`
--

LOCK TABLES `partie_corps` WRITE;
/*!40000 ALTER TABLE `partie_corps` DISABLE KEYS */;
/*!40000 ALTER TABLE `partie_corps` ENABLE KEYS */;
UNLOCK TABLES;

--
-- Table structure for table `user`
--

DROP TABLE IF EXISTS `user`;
/*!40101 SET @saved_cs_client     = @@character_set_client */;
/*!50503 SET character_set_client = utf8mb4 */;
CREATE TABLE `user` (
  `id` int NOT NULL AUTO_INCREMENT,
  `user_id` int DEFAULT NULL,
  `email` varchar(180) COLLATE utf8mb4_unicode_ci NOT NULL,
  `roles` json NOT NULL,
  `password` varchar(255) COLLATE utf8mb4_unicode_ci NOT NULL,
  `first_name` varchar(255) COLLATE utf8mb4_unicode_ci NOT NULL,
  `last_name` varchar(255) COLLATE utf8mb4_unicode_ci NOT NULL,
  `coach_id` varchar(36) COLLATE utf8mb4_unicode_ci DEFAULT NULL,
  `confirmation_token` varchar(255) COLLATE utf8mb4_unicode_ci DEFAULT NULL,
  `confirmation_token_expires_at` datetime DEFAULT NULL,
  `is_verified` tinyint(1) NOT NULL,
  PRIMARY KEY (`id`),
  UNIQUE KEY `UNIQ_8D93D649E7927C74` (`email`),
  UNIQUE KEY `UNIQ_8D93D6493C105691` (`coach_id`),
  KEY `IDX_8D93D649A76ED395` (`user_id`),
  CONSTRAINT `FK_8D93D649A76ED395` FOREIGN KEY (`user_id`) REFERENCES `user` (`id`)
) ENGINE=InnoDB AUTO_INCREMENT=121 DEFAULT CHARSET=utf8mb4 COLLATE=utf8mb4_unicode_ci;
/*!40101 SET character_set_client = @saved_cs_client */;

--
-- Dumping data for table `user`
--

LOCK TABLES `user` WRITE;
/*!40000 ALTER TABLE `user` DISABLE KEYS */;
INSERT INTO `user` VALUES (1,NULL,'William27@sfr.fr','[\"ROLE_COACH\"]','$2y$13$E1lxz9gpLWfvGc1bMK2E8OPoY.DDeEpkGjYjjtBFAFkelXg76wfRq','Roger','Moreau',NULL,NULL,NULL,0),(2,1,'Guyot.Gregoire@Fournier.com','[\"ROLE_USER\"]','$2y$13$guhS43e2kwAjLNSQw2x4G.GyItp3/4ubu6tjAvYMmCynI2Mw.F.V2','Stéphane','Ribeiro',NULL,NULL,NULL,0),(3,1,'iHubert@Schneider.com','[\"ROLE_USER\"]','$2y$13$0gpOWlEOmdmXROma51rjvuhjL5PysMil.ynUJBnTcXclQYntzzjQa','Olivier','Joly',NULL,NULL,NULL,0),(4,1,'Ines.Rodriguez@Salmon.fr','[\"ROLE_USER\"]','$2y$13$lxbX85OvRyj1U4hGaclSTOqrbN86.9owiknzq2OEA14JPBOS.8.mK','Timothée','Ramos',NULL,NULL,NULL,0),(5,1,'Dorothee86@Roger.com','[\"ROLE_USER\"]','$2y$13$Wkg9JyLguBLpgwYOhWOv/e4kN4c0mjarUuFMazyzsJEgNAdG8g8oG','Aimée','Klein',NULL,NULL,NULL,0),(6,1,'kArnaud@voila.fr','[\"ROLE_USER\"]','$2y$13$eWIah49TB5bg0h.ugbP9NeRK9RJd0OPtyiqmGI7f2F6p9uR07G43W','Paul','Jacquot',NULL,NULL,NULL,0),(7,1,'Fernandes.Roger@Leger.fr','[\"ROLE_USER\"]','$2y$13$OivE8fKsZYW5NTd15m0ASe49rzC.pJU6p9dGeeB8TNg9QIKCHVaA2','Alain','Bigot',NULL,NULL,NULL,0),(8,1,'Julie57@Laporte.com','[\"ROLE_USER\"]','$2y$13$Lmgm6r8/COk6qxR21tRWWu0fdFmLT2A4xLOi6f16SyyHSLjl27/oS','Charlotte','Blin',NULL,NULL,NULL,0),(9,1,'Juliette.Gaillard@Francois.com','[\"ROLE_USER\"]','$2y$13$guqDamqZOSEt1H77.SR60uttn8vSdt04Vur9eYkiMUboAtKPnbbXC','Philippine','Begue',NULL,NULL,NULL,0),(10,NULL,'Antoinette.Lamy@Lefort.fr','[\"ROLE_COACH\"]','$2y$13$HxY6NuWXg2lGWxS.DvC0Jew93.PQRcAPQZEmeouZbAMxsqVW6/AjC','Julien','Verdier',NULL,NULL,NULL,0),(11,10,'Rene.Charpentier@club-internet.fr','[\"ROLE_USER\"]','$2y$13$uBucgR.SQbIvXhkxFgIYNO3P.AWLsCgqtl1TLb/r/fEScCm7IqNQ6','Guillaume','Jean',NULL,NULL,NULL,0),(12,10,'gMarechal@Henry.fr','[\"ROLE_USER\"]','$2y$13$xWoTSaSyENVPUPNJIfeOteIQ7OZZLcrMsiUj.tC2HRpk6A.rsS/Wu','René','Huet',NULL,NULL,NULL,0),(13,10,'Bernard.Maillot@orange.fr','[\"ROLE_USER\"]','$2y$13$rB6v362xPcPGJnmL1qxZPOls9JGdiKOiExV3R3oyDj2V67.zyXUx6','Roger','Boulanger',NULL,NULL,NULL,0),(14,10,'Dominique38@bouygtel.fr','[\"ROLE_USER\"]','$2y$13$AMaC9KO/055e.gXsA7ie/OP4mNaHWGlv6aUT53X/5Z31TnvGUn2Rm','Dorothée','Lagarde',NULL,NULL,NULL,0),(15,10,'hBouchet@ifrance.com','[\"ROLE_USER\"]','$2y$13$huqQfKEe9Zqx7sMtWZym1Oe/e6YgIpF61E55o3gz2tUJFVXpp2pTu','Jean','Guillon',NULL,NULL,NULL,0),(16,10,'Alphonse22@Leclercq.com','[\"ROLE_USER\"]','$2y$13$mHJxIs7mLcAs/uQ5XajfA.5EBrrBgDv52rgiYuwgZeaErWAQE86mW','Louis','Gros',NULL,NULL,NULL,0),(17,NULL,'Paris.Cecile@Prevost.fr','[\"ROLE_COACH\"]','$2y$13$WSrZO6vhMWsju3V/anx5XOZrhyZ3ToTCdy.WG0cFaI9Rf78lQGU4e','Laurence','Vincent',NULL,NULL,NULL,0),(18,17,'Christelle80@Blanchet.org','[\"ROLE_USER\"]','$2y$13$9m5syTqk5UJALDoxHWdImeQR01N8gY3msKUz./Sfv56Ve6u9lBoOm','Diane','Ruiz',NULL,NULL,NULL,0),(19,17,'Paulette65@Marques.org','[\"ROLE_USER\"]','$2y$13$vvBXhAuAhCZkcU/aC9hpmu.QIJKkgkoCwtdEapfWX8owxCkwUpNdi','Isaac','Muller',NULL,NULL,NULL,0),(20,17,'Imbert.Dominique@Ferreira.org','[\"ROLE_USER\"]','$2y$13$SEch6FarbgEit0xA4wcoWOoOYOsysWkjIr8NwAQghcXffW33s.HwO','Monique','Bernard',NULL,NULL,NULL,0),(21,17,'wSchneider@Guichard.org','[\"ROLE_USER\"]','$2y$13$NsgWBIulFwFGAxOm1ibX7exF7UGsKy9pIaSSkHVMAnIJQ9g.6tTb2','Jeannine','Bousquet',NULL,NULL,NULL,0),(22,17,'Adelaide04@dbmail.com','[\"ROLE_USER\"]','$2y$13$uUQBXE4FA1DXSbMgRDYudu8UKoIzjKHN4ZczP0E2dsM.owgnUQIC2','Alex','Letellier',NULL,NULL,NULL,0),(23,17,'cHardy@Potier.fr','[\"ROLE_USER\"]','$2y$13$UaNzYBdLUhd7pMaMkII66ujmgUTOizt5jpBRkVMg0ZQYX/nOgEgTi','Joseph','Jacquet',NULL,NULL,NULL,0),(24,17,'Alexandre.Samson@laposte.net','[\"ROLE_USER\"]','$2y$13$isAGMtR04cELIgo5OylPdO5eBR.XWx.97P7SLB1MUDf0y.G.HEUiq','Pierre','Moreau',NULL,NULL,NULL,0),(25,17,'Thierry21@tele2.fr','[\"ROLE_USER\"]','$2y$13$xW8nzFWN/GNuHx6v3QdR1.k1E5NNaIBn7FLAkT40OKoZBkNlW8Z3S','Anastasie','Ledoux',NULL,NULL,NULL,0),(26,NULL,'Claudine.Regnier@voila.fr','[\"ROLE_COACH\"]','$2y$13$7MPpdOBHBBqZP6yiMyyiW.fDwktJq7X8XlhVDr.FmVHvQToZUbs8q','Thibaut','Morvan',NULL,NULL,NULL,0),(27,26,'qDenis@club-internet.fr','[\"ROLE_USER\"]','$2y$13$Fu4V0NgZVH8QKD8e3aO0yOveMDXXsiQGtylSU7ACzRULr2wJcN/fm','Madeleine','Lefebvre',NULL,NULL,NULL,0),(28,26,'Laurent17@yahoo.fr','[\"ROLE_USER\"]','$2y$13$bkYIO9iG.sIZJzoTdRaOGuPWlst7tuuyYxfPobfhOR3vbcefgsadu','Nath','David',NULL,NULL,NULL,0),(29,26,'Lefebvre.Victor@Torres.fr','[\"ROLE_USER\"]','$2y$13$DkzXbCztrDEe1Ydx/wEUu.gvPW1.gZXQKMLxv5CUf2grGiYMelvlC','Élisabeth','Carlier',NULL,NULL,NULL,0),(30,26,'xGuyot@Blanchet.com','[\"ROLE_USER\"]','$2y$13$ZHjn6SlBQo73yb/sKkJVWO1hOjAwma3KcUTXmuQ7njOGaHk9nXT6K','Benjamin','Lecoq',NULL,NULL,NULL,0),(31,26,'Bonnet.Paul@Berger.com','[\"ROLE_USER\"]','$2y$13$t4TeODmNBnEnF1fltOJpOuwC607eonMN4LtyQhhMI1MZiBgU3GCO2','Jeanne','Peron',NULL,NULL,NULL,0),(32,26,'uAndre@Lelievre.org','[\"ROLE_USER\"]','$2y$13$z2vjW3PR2Myu3EiKCkNNXefBRsdLk9a5WzafGlqi1bYCb8S4AZLR.','Lucas','Grondin',NULL,NULL,NULL,0),(33,26,'Anastasie68@wanadoo.fr','[\"ROLE_USER\"]','$2y$13$9kfTzWHZiJlOMpMB9PgC6.izUcjny3DIq3tCBlR1EgQ4osgRaZJrm','Jeanne','Martin',NULL,NULL,NULL,0),(34,26,'Sophie21@dbmail.com','[\"ROLE_USER\"]','$2y$13$1XzM9A99voMSNoLTcFB/ae.RJqoFORZm1ZobfMCVowBtcnFjyevUW','Renée','Moreau',NULL,NULL,NULL,0),(35,26,'Delattre.Martin@Cohen.org','[\"ROLE_USER\"]','$2y$13$.4rSOZPdZ2IGB7hnE/DUV.AvFj2JXtzUFCUjjdGB1VGt0MxWg7xx6','Pénélope','Bouvier',NULL,NULL,NULL,0),(36,26,'Michele.Garnier@Jacob.fr','[\"ROLE_USER\"]','$2y$13$q0d22Y752ACkh.oGqFYswONXD/JZ9M5C1q7PMSRsHoiyGzvY6bgpe','Lucy','Fontaine',NULL,NULL,NULL,0),(37,26,'Guillot.Emile@Weiss.com','[\"ROLE_USER\"]','$2y$13$JOPYL/T8Hw1AoXgloAcBeuRMTyZdPF9PiSoRKLHu2TBltdPUTH7NK','René','Georges',NULL,NULL,NULL,0),(38,26,'Nathalie33@Hamel.net','[\"ROLE_USER\"]','$2y$13$o9ibI6BpSWUaRTFyis7SL.0QmJmtGQyaRb4aK1QPY1jQR8LXu9ODK','Claude','Dos Santos',NULL,NULL,NULL,0),(39,26,'Benjamin49@Legendre.fr','[\"ROLE_USER\"]','$2y$13$QmUKx59lqwMrP5XDeiDBQ..OW.pgiT7YVPtrlCdyew5HTaQ.ldMYK','Mathilde','Petit',NULL,NULL,NULL,0),(40,26,'Charles.Lagarde@Letellier.net','[\"ROLE_USER\"]','$2y$13$o6rrOmKEyZC5nTjm/BLvPuDH3PU8JtmwCSqhyeK1ST55okBzsV.kK','Margot','Chretien',NULL,NULL,NULL,0),(41,NULL,'Veronique82@Diallo.com','[\"ROLE_COACH\"]','$2y$13$6xWEN3RymeBwKqKcwStlsuzTkuXeoSrg4c/rTmfKn7Z49sGuz25uC','Charlotte','Bernard',NULL,NULL,NULL,0),(42,41,'Elisabeth04@Buisson.com','[\"ROLE_USER\"]','$2y$13$LzTFeeY04bM3BXkXvSVRTeNcJIjbgYbsAI/e40DuvAZcTcpfGs2EW','Charles','Lombard',NULL,NULL,NULL,0),(43,41,'Voisin.Alfred@Normand.fr','[\"ROLE_USER\"]','$2y$13$BtgKKdYI9R2Cxh/OGrbaPuxokkvHlpG8fLU8284r.GnjA1GOiPqR.','Xavier','Renault',NULL,NULL,NULL,0),(44,41,'Leclerc.Maryse@Merle.com','[\"ROLE_USER\"]','$2y$13$UL3OeJ.ehid4x/pkBk5dxu/u973GekXTwVoCX0lPjEUpeet6iUGRi','Emmanuel','Costa',NULL,NULL,NULL,0),(45,41,'Hebert.Susanne@Martins.com','[\"ROLE_USER\"]','$2y$13$tlJfSsF1cAHH0t/G8pBZJOW2eSW.fr15N0sL3H6Eu11wQOqnCsaR2','Brigitte','Perret',NULL,NULL,NULL,0),(46,41,'Aurore.Bourdon@Leger.net','[\"ROLE_USER\"]','$2y$13$RN6TLF4UaQqUqzo.sKlVJuyX4rofYrApVsJVJh4oxgZtVU3DdMPUe','Dominique','Dubois',NULL,NULL,NULL,0),(47,41,'Paul.Fontaine@voila.fr','[\"ROLE_USER\"]','$2y$13$bxnNVC0w/b1cUnaebxH/MuIrPYF.caUWLD2tslHI/psYCUNW3J24i','Thibaut','Clement',NULL,NULL,NULL,0),(48,41,'aDaniel@Evrard.com','[\"ROLE_USER\"]','$2y$13$qAtHzD/oYR5j/u5QkV1lXOC/Ucyoh6Xef/LusJ1xAaGdLbRDxe/5G','Maurice','Pereira',NULL,NULL,NULL,0),(49,41,'tVaillant@tele2.fr','[\"ROLE_USER\"]','$2y$13$DTe1.B9xSUVCH60Vjod7su60llramr6heWmYIQ18jIBUWaPOPi3t6','Christine','Perez',NULL,NULL,NULL,0),(50,NULL,'Edouard27@DosSantos.fr','[\"ROLE_COACH\"]','$2y$13$iNnxCUACrsWQPUzOGEAOT.ELEDGloZTbO3E/nRzslcKaKXrbsaHwW','Honoré','Gautier',NULL,NULL,NULL,0),(51,50,'Paulette96@Moreno.fr','[\"ROLE_USER\"]','$2y$13$m3Zfuc/DE2ogoUC2/G.dZeBXD9jAkq0fT523YgiL3WTJL9N/KsiMO','Thérèse','Laroche',NULL,NULL,NULL,0),(52,50,'Emilie.Mendes@tiscali.fr','[\"ROLE_USER\"]','$2y$13$LOw2rEFZfj0qPny7j8PB9eYgLC/zMQgYgqjGOWTviild6wGvQZZea','Corinne','Rey',NULL,NULL,NULL,0),(53,50,'Gay.Edith@sfr.fr','[\"ROLE_USER\"]','$2y$13$y4GwwWlD0sZvVbP4RU4BCuC8u9SRtXjIufBww34KfRs88pCE.z9mq','Véronique','Mahe',NULL,NULL,NULL,0),(54,50,'Bernadette18@ifrance.com','[\"ROLE_USER\"]','$2y$13$AKAkw309Nm2NlIM5/41QSe3WbkV5d81vpYDhugImw1Zas/Aw3A72W','Céline','Giraud',NULL,NULL,NULL,0),(55,50,'Marc.Perrier@Lecoq.fr','[\"ROLE_USER\"]','$2y$13$Cs3VLyo2pPkkOY1xe.GOKOgGyJs6SJ27mvw80rxG1Uy2WpXL4SfSm','Capucine','Leroux',NULL,NULL,NULL,0),(56,50,'Margot.Jourdan@Bouchet.net','[\"ROLE_USER\"]','$2y$13$KX5mZM2ojqcETnMCv3rzQeFnS3AqZ52Q/HpwMFk4.X0GdUif856Ty','Étienne','Fontaine',NULL,NULL,NULL,0),(57,50,'tPhilippe@free.fr','[\"ROLE_USER\"]','$2y$13$nd0WWG/V/1.RsLkRVATD/.uZJ7QTkKZjMznH1kElCmfMHTcoo5BT.','Alfred','Bouvier',NULL,NULL,NULL,0),(58,50,'Cordier.Adelaide@laposte.net','[\"ROLE_USER\"]','$2y$13$kqyzzMlP5mrBnzCwRdxOYufY3nqVI83EUl7ad8CKDB7Vw7zZJHtX.','Alain','Diaz',NULL,NULL,NULL,0),(59,50,'pFaivre@Lebon.fr','[\"ROLE_USER\"]','$2y$13$fwm8dMWjlhzayzWF1v1c8uTUQEN/uz.mEFyw38aoLDJ3U6o7mFgV2','Franck','Bourdon',NULL,NULL,NULL,0),(60,50,'Rolland.Nicole@sfr.fr','[\"ROLE_USER\"]','$2y$13$okh.G6nvPYKh//S2Z1GuYe.lV8zitx1/OIod7YoHPNt9CcVaG2Wjy','Marcel','Pages',NULL,NULL,NULL,0),(61,NULL,'Thibault.Legendre@free.fr','[\"ROLE_COACH\"]','$2y$13$4X.hbVsbtNnKhc77/3xEPOe9mUVoR5B92l4qtjuW03OXNFvgJeC2e','Valentine','Fernandes',NULL,NULL,NULL,0),(62,61,'Lemaire.Georges@tele2.fr','[\"ROLE_USER\"]','$2y$13$LxRBim0y2kq34pyqYJ.0d.wzwZPoZcLMccnOnxH8D829bNZnX93uu','Susan','Fernandez',NULL,NULL,NULL,0),(63,61,'Sabine49@ifrance.com','[\"ROLE_USER\"]','$2y$13$Wha/3VVU.UGSYjLH6Oq5a.j.1xJgeXCkRJIrIQ1Q6oPWeQwgIs00i','Véronique','Potier',NULL,NULL,NULL,0),(64,61,'Carpentier.Jacques@noos.fr','[\"ROLE_USER\"]','$2y$13$vAcmI/95PMB9Iwsmsx02PeAZMj7vQ8v.bR3850axXGw82Xa7joz1K','Benoît','Gillet',NULL,NULL,NULL,0),(65,61,'Arthur59@Dijoux.com','[\"ROLE_USER\"]','$2y$13$AblfSZ8PHYs0QwyXI1JqGOY9UazQITQ4AL3T98WWrqDXQFj08K5Si','Élise','Guilbert',NULL,NULL,NULL,0),(66,61,'Margaret.Normand@voila.fr','[\"ROLE_USER\"]','$2y$13$9ClkHxwzFfpUbGdj0uSiYOZfQWW7ghIe.ltNo63RgO80wTmEwXiV6','Léon','Dupre',NULL,NULL,NULL,0),(67,61,'Andre.Martel@Rey.com','[\"ROLE_USER\"]','$2y$13$cVLBIaEQLH60Dq8m9dR9U.TSqdOG8QhxeTsBbwnZV5DOeYl7y/KBO','Frédérique','Descamps',NULL,NULL,NULL,0),(68,61,'oLesage@Maury.fr','[\"ROLE_USER\"]','$2y$13$7lLu9msiiEfqvlUHPwBgt.D213iwx8EZsT8VvL3wutulZUwKcQsJ.','Monique','Bazin',NULL,NULL,NULL,0),(69,61,'cAuger@DaSilva.com','[\"ROLE_USER\"]','$2y$13$l.LaqLWiSiCDLMu1rAS1LuEReFG88lOdPOxsi2Ey7zkNSNH81PXrC','Thibaut','Leleu',NULL,NULL,NULL,0),(70,61,'Camille.Langlois@tele2.fr','[\"ROLE_USER\"]','$2y$13$zjAHgsXIncu9MoIaBftIN.a9e3Wg.hvUYNWrpHsWnllwpokFgjePa','Geneviève','Morin',NULL,NULL,NULL,0),(71,61,'vPerrin@free.fr','[\"ROLE_USER\"]','$2y$13$YuJkU2k8ruyX9f6hK2BfBODaVcs5LHJScavhnepiyBcPT6/mOz.9m','Jean','Coulon',NULL,NULL,NULL,0),(72,61,'Alix81@Bodin.fr','[\"ROLE_USER\"]','$2y$13$ov6uo1XBox5JIeLb8LvmmOAByS1YLdO/xUvk.u2WsKae0Dj6IaOW2','Céline','Perez',NULL,NULL,NULL,0),(73,61,'xDiaz@Fleury.fr','[\"ROLE_USER\"]','$2y$13$PnyFXPi.KoMUI/TT.h4UHem1plOfvTJW6lap54kvPdRgemEIF72CO','Claude','Leduc',NULL,NULL,NULL,0),(74,61,'Legrand.Aurelie@Hubert.net','[\"ROLE_USER\"]','$2y$13$d3qMprtPzAaF/9OIEFgODO9Tja3iM4e9RvkF5Heswb7qmmuncVeBO','Margaret','Hardy',NULL,NULL,NULL,0),(75,61,'Gabrielle.Ollivier@Besnard.net','[\"ROLE_USER\"]','$2y$13$7vmVfHpC4lorMjOAeOmF4OO7dzfYDZdOarAcSvHy6Hdm7gCd./GQG','Georges','Nicolas',NULL,NULL,NULL,0),(76,61,'Aurore.Moreau@Alves.fr','[\"ROLE_USER\"]','$2y$13$LJvQIW3Rv14IFLDdVeC67.nhSBpNMO3RlCvf29dakcjqxy/idYIGe','Georges','Valentin',NULL,NULL,NULL,0),(77,61,'Prevost.Tristan@yahoo.fr','[\"ROLE_USER\"]','$2y$13$M.15QvX.4IXncpx5YcyewuZpXU/uLil.rU359DJ21oS5oycbZs6Fu','Jacques','Gomez',NULL,NULL,NULL,0),(78,61,'Alphonse.Joly@Girard.com','[\"ROLE_USER\"]','$2y$13$X.21D/OYXqwD0wvF6obejeqn/mr.gh8ynYydn5on7aRj/jHTDCL7.','Thomas','Delannoy',NULL,NULL,NULL,0),(79,NULL,'Clemence58@gmail.com','[\"ROLE_COACH\"]','$2y$13$4SCWcDHrt1.JM5qCVLZNh.1Y12PgwMSMN8A9j5TfYzeVf7wuiQGnq','Laurence','Bertin',NULL,NULL,NULL,0),(80,79,'iMarin@dbmail.com','[\"ROLE_USER\"]','$2y$13$zefzYwsTdgsGPdIYHIm3Pez/Q4Wpm.s8qTdiFK7QMjXunDRVPqU2S','Brigitte','Maillot',NULL,NULL,NULL,0),(81,79,'Veronique76@Caron.org','[\"ROLE_USER\"]','$2y$13$rdb8PAz5dgnFn5ES9zO/B.jghr9PhqJm47iippznG28n/CXw6lCay','Diane','Bonnin',NULL,NULL,NULL,0),(82,79,'cHebert@Verdier.net','[\"ROLE_USER\"]','$2y$13$vIUUixMco3vQK60WFiFV7O9KnRE1F3Aa.ie7/0H/RJg6B9siuB1oe','Thibault','Joseph',NULL,NULL,NULL,0),(83,79,'Gerard36@Weber.net','[\"ROLE_USER\"]','$2y$13$ljQezQ2gSlObEzvuFUwcn.q7ClHOgdlWbP8Bezo/N5HsYymtd3cF.','Alexandrie','Lefebvre',NULL,NULL,NULL,0),(84,79,'Suzanne30@LeRoux.net','[\"ROLE_USER\"]','$2y$13$kR6n1GErLfBPSGs.IZTwg.Rj1Va3tokY7eu8qnXgo24cNcpVSDwu.','René','Collet',NULL,NULL,NULL,0),(85,79,'Brunet.Pauline@Brunet.fr','[\"ROLE_USER\"]','$2y$13$FLS3dlpEbNbzhWexCw7kJeJZOm.T5M3/cE14FEKhMBcEu35dlOUM.','Jules','Pelletier',NULL,NULL,NULL,0),(86,79,'oLevy@Bailly.com','[\"ROLE_USER\"]','$2y$13$F.MKiEI0/HhalN8uo67jnOy40SFzBgqWs730rY6LwePa6zhHXqeV.','Camille','Andre',NULL,NULL,NULL,0),(87,79,'Nicolas31@hotmail.fr','[\"ROLE_USER\"]','$2y$13$8N9aFyxDbxI5Jo/uB0GPruCtSgVjqFenC4spgdti7.o1tZht2jySG','Véronique','Lefebvre',NULL,NULL,NULL,0),(88,NULL,'tGregoire@laposte.net','[\"ROLE_COACH\"]','$2y$13$QPdMhTiwXsfjY6Xsf3OpxufCOVn98G3mkQ9MbCHNf3mY/F1ZLNmX2','Célina','Schneider',NULL,NULL,NULL,0),(89,88,'fRoux@Faure.fr','[\"ROLE_USER\"]','$2y$13$Fnt1ANAt0EpDHq0Mqqr7iOs7279zmRa9UeNYlQQnw4Z47uZJPjehy','Valentine','Samson',NULL,NULL,NULL,0),(90,88,'Louis.Bourgeois@Ollivier.net','[\"ROLE_USER\"]','$2y$13$64n20/nuzusiuWW6n/Yyv..O605ceIyczxySrCv0VFYTolElejI3K','Maurice','Reynaud',NULL,NULL,NULL,0),(91,88,'Devaux.Alfred@bouygtel.fr','[\"ROLE_USER\"]','$2y$13$gbozKkLeVikBC3aH8ZlyG.4hPiUojqfgAG7SsTFGaeGP4wZexaqHa','Édith','Poirier',NULL,NULL,NULL,0),(92,88,'Gosselin.Amelie@dbmail.com','[\"ROLE_USER\"]','$2y$13$rBnsHAh.dIq70CAWrCi4teMHeEa78t.qz446ujdC0vVU4aDoiDQES','Arthur','Chretien',NULL,NULL,NULL,0),(93,88,'Denise.Breton@bouygtel.fr','[\"ROLE_USER\"]','$2y$13$kwGchNlajUw25CddVY.32Ob8sXxY0uVb4UWhy6EK/NDyceXXvYnp.','Renée','Bousquet',NULL,NULL,NULL,0),(94,88,'Frederic.Regnier@laposte.net','[\"ROLE_USER\"]','$2y$13$bgyujhK.dJ7bV9Su0toVZOIsQdVtnGVuucpOW.FuBn6RzW521vZqi','Alexandria','Simon',NULL,NULL,NULL,0),(95,88,'Delaunay.Edith@Thibault.com','[\"ROLE_USER\"]','$2y$13$uy/0GINEHJA6Ld0l6LJbMePpSaDTUB62rx1KJJ8kaUXSXkjTzQKK6','Denise','Riou',NULL,NULL,NULL,0),(96,88,'Renee.Michel@Mercier.fr','[\"ROLE_USER\"]','$2y$13$RmL7eajqMLv.1r8rxEof7efQalWNT3IGETW1BYGWEC5EbroTbPOZ2','Isaac','Tanguy',NULL,NULL,NULL,0),(97,88,'wRobert@orange.fr','[\"ROLE_USER\"]','$2y$13$nX6MhxyVhEuBpHud6RpguOpV5sXEuENLi2eEnQ2QPzgmTX08wDQIS','Adélaïde','Lemaire',NULL,NULL,NULL,0),(98,88,'vRegnier@Sauvage.fr','[\"ROLE_USER\"]','$2y$13$jGwL/39zj3atPKMicAWcI.laRI8Jhjn3dYenzGLCRz.OkKjTM1Kou','Margaret','Guichard',NULL,NULL,NULL,0),(99,88,'hMarie@ifrance.com','[\"ROLE_USER\"]','$2y$13$1K5CUAJyPdn4KZ942hKVouLhVRo71WnWJ6ihnoNJhEXJcTX8JX8bC','Martin','Royer',NULL,NULL,NULL,0),(100,88,'hGaudin@Barthelemy.fr','[\"ROLE_USER\"]','$2y$13$lGkl9ePNLyrsw2ygbnNTdO08C4bj3MPzXfZH4t26Ubq0HU00ZTAFK','Marine','Lefebvre',NULL,NULL,NULL,0),(101,88,'Huet.Lucy@orange.fr','[\"ROLE_USER\"]','$2y$13$RY.bMlRhSTfN8dmXCmd/xuT/MtyvScP/TcPyjiwGNXVObv3Ajj/lG','Noël','Bouvier',NULL,NULL,NULL,0),(102,88,'Laurent.Francoise@hotmail.fr','[\"ROLE_USER\"]','$2y$13$SVVoCndUvZxJbMfa460xMOWEUJcd9UGspi8PPLULFimfdcvriLEgy','Thibault','Buisson',NULL,NULL,NULL,0),(103,88,'Guillaume.Laurence@Lebrun.fr','[\"ROLE_USER\"]','$2y$13$AB38hdwt/Fa8ZOczJpvtmeSbbmFaOkcrFEexSex/.kI9fWa2a6ofe','François','Dupre',NULL,NULL,NULL,0),(104,88,'Nathalie.Barre@Philippe.com','[\"ROLE_USER\"]','$2y$13$PjOBuC1vBMwKFYli2/DgUepa7iARUelYK2LDYi8HuokMewm327Q7.','Édith','Chartier',NULL,NULL,NULL,0),(105,88,'Josephine.Lacombe@Normand.fr','[\"ROLE_USER\"]','$2y$13$tE20HEdEngaa/2CR2jlJBuy5xfxEnvu9ZwDZvWDCoFcy4TZ3Dydmm','René','Traore',NULL,NULL,NULL,0),(106,88,'Honore28@Cohen.com','[\"ROLE_USER\"]','$2y$13$87FdtzG7Cs4VAmJUv8DuWeNl6Eda7qmETT78s2WqsQApXVcusRjzS','Emmanuel','Delannoy',NULL,NULL,NULL,0),(107,NULL,'iAubry@ifrance.com','[\"ROLE_COACH\"]','$2y$13$d0C0OfkkwOFrQi6hfgFh4.6SBrNZpaFLIlrmMQhGrTDWihdhYTPlG','Augustin','Da Costa',NULL,NULL,NULL,0),(108,107,'Isabelle.Simon@orange.fr','[\"ROLE_USER\"]','$2y$13$dnD2uEXZ6ov6zeyROfn1TOWYk/anZBMmTIHlETSkG7JlQ7b8nVSWi','Marianne','Guerin',NULL,NULL,NULL,0),(109,107,'Thibaut89@voila.fr','[\"ROLE_USER\"]','$2y$13$Uf8MOE3vBMNLzTq/TqvjHub/YPyJXfauirBqWA0tyHbTg6UUsWOpS','Alexandria','Morin',NULL,NULL,NULL,0),(110,107,'Caron.Renee@Delmas.fr','[\"ROLE_USER\"]','$2y$13$Pd6FY8rC722cM/nRarQZK.vYX0pvKHq2qPMC2tRbg1D8teZecli7i','Odette','Pasquier',NULL,NULL,NULL,0),(111,107,'Cecile.Grondin@club-internet.fr','[\"ROLE_USER\"]','$2y$13$uX7uTD8gllMZ0megmU.HP.clEr9oYXJZ57SxAqvopN1a72gOzgLFq','Zoé','Lopes',NULL,NULL,NULL,0),(112,107,'Marie.Thierry@noos.fr','[\"ROLE_USER\"]','$2y$13$SXa4MnkH0Sj394UPRZnJTe6patw5oL5XyUWjA3xjT98QRl7gjO5fS','Philippine','Neveu',NULL,NULL,NULL,0),(113,107,'vNormand@Guilbert.com','[\"ROLE_USER\"]','$2y$13$SKu7xM5HvlrnUEO9xmRkLuk9aPsA4u8XA6Jvv3E.vVmPLP1rbvUce','Roger','Colin',NULL,NULL,NULL,0),(114,107,'Aurelie47@tele2.fr','[\"ROLE_USER\"]','$2y$13$azqbzeQsNUn1NOUh6irpruT9zHtq9mqrw2gmZmdIvCco8PLKdnH76','Jeannine','Marchal',NULL,NULL,NULL,0),(115,107,'Boucher.Alix@Boutin.net','[\"ROLE_USER\"]','$2y$13$Xd/dgbVbvMCCA/Po6x8LJeWX1cyJKVjwOUoyh7KQDPLyevArSBks2','Gabrielle','Rodrigues',NULL,NULL,NULL,0),(116,107,'Edith.Simon@Renaud.com','[\"ROLE_USER\"]','$2y$13$Lrmm0wua/5PrmmP4Wvahlu7Kyj4UCP.u3VhkoNErwBIcovJGMVOY6','Cécile','Ruiz',NULL,NULL,NULL,0),(117,107,'uBlanchet@Poirier.com','[\"ROLE_USER\"]','$2y$13$QJFOwFY6oMZxBSa3lmN4VuqVQPCPH6w5NqR2weE7SwPF3XYzdofz.','Emmanuel','Julien',NULL,NULL,NULL,0),(118,107,'uMace@ifrance.com','[\"ROLE_USER\"]','$2y$13$B4hJlbPEqTxf/eyGGe7Xs.s7heChOfXKN4.b3xJG8urHwtlauwaxW','Margaret','Lagarde',NULL,NULL,NULL,0),(119,107,'bRaymond@dbmail.com','[\"ROLE_USER\"]','$2y$13$7ixrJZo5tMFMKa7XAJNl0evbvgWW6C6O1dTU4mMcA2cp71eSqhw7.','Éric','Baron',NULL,NULL,NULL,0),(120,107,'qLevy@tiscali.fr','[\"ROLE_USER\"]','$2y$13$Ks7VjEOZ/OBUzfnwJgypJeanjFhTwLuZfISFc2N42fLqAGmJ.n0kG','Marianne','Lacroix',NULL,NULL,NULL,0);
/*!40000 ALTER TABLE `user` ENABLE KEYS */;
UNLOCK TABLES;

--
-- Table structure for table `workout`
--

DROP TABLE IF EXISTS `workout`;
/*!40101 SET @saved_cs_client     = @@character_set_client */;
/*!50503 SET character_set_client = utf8mb4 */;
CREATE TABLE `workout` (
  `id` int NOT NULL AUTO_INCREMENT,
  `nom` varchar(255) COLLATE utf8mb4_unicode_ci DEFAULT NULL,
  PRIMARY KEY (`id`)
) ENGINE=InnoDB DEFAULT CHARSET=utf8mb4 COLLATE=utf8mb4_unicode_ci;
/*!40101 SET character_set_client = @saved_cs_client */;

--
-- Dumping data for table `workout`
--

LOCK TABLES `workout` WRITE;
/*!40000 ALTER TABLE `workout` DISABLE KEYS */;
/*!40000 ALTER TABLE `workout` ENABLE KEYS */;
UNLOCK TABLES;

--
-- Table structure for table `workout_exercises`
--

DROP TABLE IF EXISTS `workout_exercises`;
/*!40101 SET @saved_cs_client     = @@character_set_client */;
/*!50503 SET character_set_client = utf8mb4 */;
CREATE TABLE `workout_exercises` (
  `workout_id` int NOT NULL,
  `exercise_id` int DEFAULT NULL,
  PRIMARY KEY (`workout_id`),
  KEY `IDX_2D7B2EC5E934951A` (`exercise_id`),
  CONSTRAINT `FK_2D7B2EC5A6CCCFC9` FOREIGN KEY (`workout_id`) REFERENCES `workout` (`id`),
  CONSTRAINT `FK_2D7B2EC5E934951A` FOREIGN KEY (`exercise_id`) REFERENCES `exercises` (`id`)
) ENGINE=InnoDB DEFAULT CHARSET=utf8mb4 COLLATE=utf8mb4_unicode_ci;
/*!40101 SET character_set_client = @saved_cs_client */;

--
-- Dumping data for table `workout_exercises`
--

LOCK TABLES `workout_exercises` WRITE;
/*!40000 ALTER TABLE `workout_exercises` DISABLE KEYS */;
/*!40000 ALTER TABLE `workout_exercises` ENABLE KEYS */;
UNLOCK TABLES;
/*!40103 SET TIME_ZONE=@OLD_TIME_ZONE */;

/*!40101 SET SQL_MODE=@OLD_SQL_MODE */;
/*!40014 SET FOREIGN_KEY_CHECKS=@OLD_FOREIGN_KEY_CHECKS */;
/*!40014 SET UNIQUE_CHECKS=@OLD_UNIQUE_CHECKS */;
/*!40101 SET CHARACTER_SET_CLIENT=@OLD_CHARACTER_SET_CLIENT */;
/*!40101 SET CHARACTER_SET_RESULTS=@OLD_CHARACTER_SET_RESULTS */;
/*!40101 SET COLLATION_CONNECTION=@OLD_COLLATION_CONNECTION */;
/*!40111 SET SQL_NOTES=@OLD_SQL_NOTES */;

-- Dump completed on 2023-05-02 10:09:32
